Year,Category,num_yrs,first_year,brandlvl_spend,brandlvl_claims,brandlvl_avg_spend_perclaim,num_brands
2013,acid reflux/ulcer/digestive,4,2014,14096000,19543,721.2812771836464,3
2013,acid reflux/ulcer/digestive,5,2013,5885817347,75143362,78.32784147986352,64
2013,acid reflux/ulcer/digestive,NA,NA,7865700,667197,11.789171713901592,4
2014,acid reflux/ulcer/digestive,4,2014,30543000,33217,919.4990516903995,5
2014,acid reflux/ulcer/digestive,5,2013,6290569965,79365955,79.26030708003199,65
2014,acid reflux/ulcer/digestive,NA,NA,9965300,895177,11.132211841903892,4
2015,acid reflux/ulcer/digestive,3,2015,40330000,43133,935.0149537477106,4
2015,acid reflux/ulcer/digestive,4,2014,121229800,124554,973.3111742697946,6
2015,acid reflux/ulcer/digestive,5,2013,6083905968,81820670,74.35658945349628,65
2015,acid reflux/ulcer/digestive,NA,NA,11816300,1136966,10.392834966041201,4
2016,acid reflux/ulcer/digestive,3,2015,116570000,185186,629.4752303089866,4
2016,acid reflux/ulcer/digestive,4,2014,166428800,145377,1144.808325938766,6
2016,acid reflux/ulcer/digestive,5,2013,5515870479,81296235,67.84902743651044,65
2016,acid reflux/ulcer/digestive,NA,NA,14877800,1322910,11.246267697726982,4
2017,acid reflux/ulcer/digestive,2,2016,52500000,48235,1088.4212708614077,1
2017,acid reflux/ulcer/digestive,3,2015,112950000,251706,448.73781316297584,6
2017,acid reflux/ulcer/digestive,4,2014,169355000,140918,1201.798208887438,7
2017,acid reflux/ulcer/digestive,5,2013,5251398816,78833142,66.61410014584983,70
2017,acid reflux/ulcer/digestive,NA,NA,31936020,2023690,15.781083071023724,8
2013,addiction,5,2013,252876700,949849,266.2283162902735,9
2013,addiction,NA,NA,15100,76,198.68421052631578,1
2014,addiction,5,2013,297263220,1113154,267.0459073946642,9
2014,addiction,NA,NA,15500,76,203.94736842105263,1
2015,addiction,4,2014,474000,1590,298.1132075471698,1
2015,addiction,5,2013,332729600,1245804,267.0802148652597,9
2015,addiction,NA,NA,12600,60,210,1
2016,addiction,4,2014,1080000,3396,318.02120141342755,1
2016,addiction,5,2013,400740700,1467532,273.07118345630624,9
2016,addiction,NA,NA,33600,128,262.5,1
2017,addiction,2,2016,8070000,62158,129.83043212458574,1
2017,addiction,4,2014,1220000,3423,356.41250365176745,1
2017,addiction,5,2013,557102810,1933951,288.0645941908559,11
2017,addiction,NA,NA,25700,90,285.55555555555554,1
2013,altitude sickness,5,2013,16587300,253430,65.45120940693683,1
2014,altitude sickness,5,2013,28961000,263373,109.96191712893881,1
2015,altitude sickness,5,2013,34299000,270526,126.78633477004058,1
2016,altitude sickness,5,2013,35956000,297296,120.94343684408804,1
2017,altitude sickness,5,2013,35917600,295679,121.47497793214939,2
2013,analgesic/anesthetics,5,2013,39065000,310119,125.9677736610785,2
2014,analgesic/anesthetics,4,2014,78000,160,487.5,1
2014,analgesic/anesthetics,5,2013,39333000,294456,133.5785312576412,2
2015,analgesic/anesthetics,4,2014,338000,476,710.0840336134454,1
2015,analgesic/anesthetics,5,2013,40136000,226726,177.02424953468062,2
2016,analgesic/anesthetics,4,2014,823000,914,900.437636761488,1
2016,analgesic/anesthetics,5,2013,19787000,177301,111.601175402282,2
2017,analgesic/anesthetics,4,2014,199000,240,829.1666666666666,1
2017,analgesic/anesthetics,5,2013,62006920,518506,119.58766147354129,4
2017,analgesic/anesthetics,NA,NA,1550000,613,2528.548123980424,1
2013,anemia,5,2013,218995300,406097,539.268450641103,5
2014,anemia,5,2013,210162400,411535,510.6792860874531,5
2015,anemia,5,2013,196465800,432947,453.787184112605,5
2016,anemia,5,2013,199665900,464545,429.809598639529,5
2017,anemia,5,2013,204572500,551567,370.8932912955271,5
2013,arthritis,4,2014,1680,63,26.666666666666668,1
2013,arthritis,5,2013,2695022690,15740038,171.22085029273754,34
2013,arthritis,NA,NA,96700,302,320.19867549668874,1
2014,arthritis,4,2014,51119600,46359,1102.6898768308204,3
2014,arthritis,5,2013,3598379174,17990673,200.01359448865531,34
2014,arthritis,NA,NA,104000,299,347.82608695652175,1
2015,arthritis,3,2015,183240000,780915,234.6478169839227,2
2015,arthritis,4,2014,122985000,75053,1638.6420263014136,3
2015,arthritis,5,2013,4319448519,18594925,232.2917956915664,34
2015,arthritis,NA,NA,103000,248,415.3225806451613,1
2016,arthritis,3,2015,254900000,968431,263.2092529049566,2
2016,arthritis,4,2014,201961200,93968,2149.2550655542314,3
2016,arthritis,5,2013,5162750350,18728250,275.66645842510644,34
2016,arthritis,NA,NA,140000,263,532.319391634981,1
2017,arthritis,2,2016,222100000,73124,3037.306493080247,4
2017,arthritis,3,2015,257500000,851298,302.4792728280814,2
2017,arthritis,4,2014,279921670,106235,2634.928884077752,3
2017,arthritis,5,2013,6994289341,21734961,321.7990288089314,38
2017,arthritis,NA,NA,11243000,1738,6468.929804372842,4
2013,asthma/lung disease/respiratory,3,2015,68800000,293816,234.16015465461376,1
2013,asthma/lung disease/respiratory,5,2013,7526853970,36361295,207.0018125042026,45
2014,asthma/lung disease/respiratory,3,2015,100566500,352034,285.67269070601134,6
2014,asthma/lung disease/respiratory,4,2014,29110000,43857,663.7480903846592,2
2014,asthma/lung disease/respiratory,5,2013,8405850452,40207057,209.06405688931673,46
2015,asthma/lung disease/respiratory,3,2015,536819000,799475,671.4643985115232,13
2015,asthma/lung disease/respiratory,4,2014,104500000,226440,461.49090266737323,2
2015,asthma/lung disease/respiratory,5,2013,9082900120,42909258,211.6769327495712,47
2016,asthma/lung disease/respiratory,2,2016,153000,426,359.15492957746477,1
2016,asthma/lung disease/respiratory,3,2015,1248097000,2219634,562.2985591318209,13
2016,asthma/lung disease/respiratory,4,2014,218800000,521613,419.46807307333216,2
2016,asthma/lung disease/respiratory,5,2013,9236217000,42776891,215.91604214527885,47
2017,asthma/lung disease/respiratory,2,2016,440688000,151962,2899.98815493347,4
2017,asthma/lung disease/respiratory,3,2015,1776841800,3048926,582.776295652961,13
2017,asthma/lung disease/respiratory,4,2014,424061000,955445,443.8361182485648,3
2017,asthma/lung disease/respiratory,5,2013,9705314990,44447421,218.3549634972072,48
2013,blood pressure,3,2015,4016840,30304,132.55147835269273,2
2013,blood pressure,4,2014,23138400,83434,277.3257904451423,3
2013,blood pressure,5,2013,7331318440,199010216,36.838904993701426,115
2013,blood pressure,NA,NA,250078140,21726746,11.51015158919794,21
2014,blood pressure,3,2015,8163000,35941,227.12222809604629,3
2014,blood pressure,4,2014,432585400,1541268,280.66851449585664,12
2014,blood pressure,5,2013,7035627645.2,211591619,33.250975054924076,116
2014,blood pressure,NA,NA,241572700,22753810,10.616802197082599,23
2015,blood pressure,3,2015,73451000,76007,966.3715184127777,7
2015,blood pressure,4,2014,728172400,4387598,165.96151242661702,12
2015,blood pressure,5,2013,6211728991,218948233,28.370765572700467,117
2015,blood pressure,NA,NA,246249816,23225674,10.602483096938327,25
2016,blood pressure,3,2015,156011000,101749,1533.2927104934693,7
2016,blood pressure,4,2014,769574000,5216234,147.5344089241395,12
2016,blood pressure,5,2013,6113547919,225135687,27.154948202414484,117
2016,blood pressure,NA,NA,232799290,23096976,10.079210802314554,25
2017,blood pressure,2,2016,477410000,1358682,351.37729063901634,5
2017,blood pressure,3,2015,210405000,108688,1935.8622847048432,7
2017,blood pressure,4,2014,814432590,6368220,127.89014669719325,13
2017,blood pressure,5,2013,5951748744,234733260,25.355370363790797,129
2017,blood pressure,NA,NA,330137088,25342458,13.027035025568553,31
2013,burn,5,2013,117489000,766928,153.1943024638558,4
2014,burn,5,2013,127864000,953449,134.1068059224982,4
2015,burn,5,2013,143900900,975348,147.53800694726394,4
2016,burn,5,2013,86155400,804494,107.0926569993064,4
2017,burn,5,2013,157103700,1079365,145.55196805529178,4
2013,chemotherapy/cancer,2,2016,26900000,6214,4328.934663662697,1
2013,chemotherapy/cancer,4,2014,165600,73,2268.4931506849316,2
2013,chemotherapy/cancer,5,2013,5146058130,3290088,1564.1095709294098,70
2013,chemotherapy/cancer,NA,NA,1499340,2155,695.7494199535963,4
2014,chemotherapy/cancer,2,2016,26200000,5732,4570.83042568039,1
2014,chemotherapy/cancer,3,2015,205000,31,6612.903225806452,1
2014,chemotherapy/cancer,4,2014,56412000,25355,2224.8866101360677,7
2014,chemotherapy/cancer,5,2013,6948031779,3736181,1859.6614508237155,71
2014,chemotherapy/cancer,NA,NA,68585500,6286,10910.833598472796,6
2015,chemotherapy/cancer,2,2016,26330000,5405,4871.415356151711,2
2015,chemotherapy/cancer,3,2015,438362000,44633,9821.47738220599,11
2015,chemotherapy/cancer,4,2014,105120000,16882,6226.750385025471,9
2015,chemotherapy/cancer,5,2013,8801610810,4116602,2138.076697723025,72
2015,chemotherapy/cancer,NA,NA,135727500,9084,14941.380449141347,7
2016,chemotherapy/cancer,2,2016,147700000,17817,8289.835550317113,2
2016,chemotherapy/cancer,3,2015,1469372000,136485,10765.813093013885,11
2016,chemotherapy/cancer,4,2014,113577000,14703,7724.750051009998,9
2016,chemotherapy/cancer,5,2013,9576697856,4341698,2205.749422460982,72
2016,chemotherapy/cancer,NA,NA,65066100,5591,11637.649794312287,7
2017,chemotherapy/cancer,2,2016,1121284000,131698,8514.054883141733,12
2017,chemotherapy/cancer,3,2015,1938468000,172057,11266.429148479865,13
2017,chemotherapy/cancer,4,2014,102453000,12053,8500.207417240521,9
2017,chemotherapy/cancer,5,2013,10512183261,4530394,2320.3684405815475,81
2017,chemotherapy/cancer,NA,NA,89483400,13086,6838.101788170564,14
2013,cholesterol/heart,5,2013,9357100882,138480900,67.56961344127602,64
2013,cholesterol/heart,NA,NA,89231940,3032659,29.423664183807016,14
2014,cholesterol/heart,3,2015,56700,396,143.1818181818182,2
2014,cholesterol/heart,4,2014,142185000,609686,233.21020984572385,2
2014,cholesterol/heart,5,2013,9500778728,144682419,65.66643544990771,64
2014,cholesterol/heart,NA,NA,132576000,3277571,40.44946699857913,14
2015,cholesterol/heart,3,2015,31053010,428386,72.48838664195375,7
2015,cholesterol/heart,4,2014,347450000,1656569,209.74073521839415,2
2015,cholesterol/heart,5,2013,9477497320,147896902,64.0817839443317,64
2015,cholesterol/heart,NA,NA,166063360,3544935,46.84524822034819,14
2016,cholesterol/heart,3,2015,244618800,526610,464.51605552496153,7
2016,cholesterol/heart,4,2014,256340000,1422838,180.16105839174944,2
2016,cholesterol/heart,5,2013,8983161676,145915345,61.564201325090245,64
2016,cholesterol/heart,NA,NA,122436590,3583364,34.168058282664,14
2017,cholesterol/heart,2,2016,1003379200,10042350,99.91478090287632,4
2017,cholesterol/heart,3,2015,550428880,945933,581.8899224363671,7
2017,cholesterol/heart,4,2014,242935800,1427040,170.237554658594,2
2017,cholesterol/heart,5,2013,5947363675,134386541,44.25564964128365,72
2017,cholesterol/heart,NA,NA,106251570,3563515,29.8165070162466,18
2013,dental,5,2013,9511640,1221740,7.785322572724148,2
2013,dental,NA,NA,5032200,46652,107.86675812398182,5
2014,dental,5,2013,9517220,1365627,6.969121143621209,2
2014,dental,NA,NA,5856500,45684,128.1958672620611,5
2015,dental,5,2013,9566340,1492012,6.411704463502974,2
2015,dental,NA,NA,7969700,45905,173.61289619867117,5
2016,dental,5,2013,10068280,1573501,6.39864861859001,2
2016,dental,NA,NA,8688000,55588,156.29272504857164,5
2017,dental,5,2013,11881893,1868202,6.3600686649516485,9
2017,dental,NA,NA,11721700,170370,68.80143217702647,9
2013,dermatology,2,2016,3280000,8620,380.5104408352668,1
2013,dermatology,3,2015,28400,96,295.8333333333333,1
2013,dermatology,4,2014,149000,490,304.0816326530612,2
2013,dermatology,5,2013,812462398,12121911,67.02428338238089,78
2013,dermatology,NA,NA,103726900,23437,4425.775483210308,12
2014,dermatology,2,2016,3620000,7357,492.04838928911244,1
2014,dermatology,3,2015,36500,108,337.962962962963,1
2014,dermatology,4,2014,10871250,20205,538.0475129918337,10
2014,dermatology,5,2013,996356454,12830581,77.65481968431516,79
2014,dermatology,NA,NA,170218620,25520,6670.008620689655,18
2015,dermatology,2,2016,3610000,6354,568.146049732452,1
2015,dermatology,3,2015,30184900,16678,1809.8632929607866,8
2015,dermatology,4,2014,20125200,39245,512.8092750668875,11
2015,dermatology,5,2013,1169605275,12838764,91.0995228979986,79
2015,dermatology,NA,NA,218406500,28647,7624.061856389849,21
2016,dermatology,2,2016,414000,668,619.7604790419161,1
2016,dermatology,3,2015,118515300,42536,2786.2351890163627,8
2016,dermatology,4,2014,23239000,45823,507.1470658839447,11
2016,dermatology,5,2013,1003434046,13039903,76.95103606215476,79
2016,dermatology,NA,NA,276046300,29211,9450.08044914587,21
2017,dermatology,2,2016,77726600,23428,3317.6796995048658,9
2017,dermatology,3,2015,222107600,55232,4021.3571842410197,9
2017,dermatology,4,2014,29077900,54941,529.2568391547296,12
2017,dermatology,5,2013,1131337811,15130725,74.77089240601491,83
2017,dermatology,NA,NA,426122500,36840,11566.843105320304,27
2013,diabetes/insulin,4,2014,32392600,67195,482.06860629511124,3
2013,diabetes/insulin,5,2013,9747438152,65615263,148.55443240393626,67
2013,diabetes/insulin,NA,NA,736543554,8375213,87.94326233852202,64
2014,diabetes/insulin,3,2015,60300,111,543.2432432432432,2
2014,diabetes/insulin,4,2014,299387070,595492,502.755822076535,14
2014,diabetes/insulin,5,2013,12425341053,70973310,175.07061532004073,67
2014,diabetes/insulin,NA,NA,857707893,8421425,101.84830868885017,70
2015,diabetes/insulin,2,2016,49500,76,651.3157894736842,1
2015,diabetes/insulin,3,2015,202632700,280857,721.4799702339625,9
2015,diabetes/insulin,4,2014,1774704400,3081199,575.97850706819,14
2015,diabetes/insulin,5,2013,15091613510,74905684,201.47487752731823,67
2015,diabetes/insulin,NA,NA,992785284,8402109,118.1590579222431,71
2016,diabetes/insulin,2,2016,28700000,56321,509.57902025887324,1
2016,diabetes/insulin,3,2015,678200000,991255,684.1831819259423,9
2016,diabetes/insulin,4,2014,2394697400,4012417,596.821666342257,14
2016,diabetes/insulin,5,2013,16583370628,76923773,215.58186736368222,67
2016,diabetes/insulin,NA,NA,1061146838,8248501,128.64723396408633,71
2017,diabetes/insulin,2,2016,259293000,393848,658.3580467591559,10
2017,diabetes/insulin,3,2015,1136620000,1592087,713.9182720542282,9
2017,diabetes/insulin,4,2014,3120399800,4956774,629.5223062419227,14
2017,diabetes/insulin,5,2013,17761621807,75538079,235.13467700178077,68
2017,diabetes/insulin,NA,NA,1222262799,11057591,110.53608322101984,85
2013,edema,5,2013,184319290,26266248,7.017343702838716,4
2014,edema,5,2013,162366800,22751215,7.136621055183206,4
2015,edema,5,2013,195031010,23900835,8.160008217286132,4
2016,edema,5,2013,206616580,24323750,8.494437740891104,4
2017,edema,5,2013,261267870,30842798,8.470952278713494,4
2017,edema,NA,NA,217000,783,277.1392081736909,1
2013,eye,3,2015,6590000,15560,423.52185089974296,1
2013,eye,5,2013,2429881300,27139926,89.53161110314008,80
2013,eye,NA,NA,1512100,9919,152.4448029035185,5
2014,eye,3,2015,7240875,16810,430.74806662700774,2
2014,eye,4,2014,5304000,36806,144.10693908601857,5
2014,eye,5,2013,2908661435,29570826,98.36253593322013,82
2014,eye,NA,NA,4674260,36400,128.41373626373627,7
2015,eye,3,2015,9006350,24542,366.97701898785755,4
2015,eye,4,2014,32050000,183981,174.20277093830342,5
2015,eye,5,2013,3369537793,30853810,109.20977969981665,82
2015,eye,NA,NA,5878210,41104,143.008223043986,8
2016,eye,3,2015,11547700,40367,286.0678276810266,4
2016,eye,4,2014,45250000,225418,200.7381841734023,5
2016,eye,5,2013,3666391440,31396077,116.7786484916571,82
2016,eye,NA,NA,6680910,43300,154.29353348729794,8
2017,eye,2,2016,74500000,140679,529.5744212000369,1
2017,eye,3,2015,13890800,54954,252.77140881464499,5
2017,eye,4,2014,49610000,233491,212.47071621604258,5
2017,eye,5,2013,3839852904,32562121,117.92391853098268,86
2017,eye,NA,NA,13315830,66281,200.89965450128997,9
2013,fever,5,2013,2120000,118,17966.101694915254,1
2014,fever,5,2013,4230000,208,20336.53846153846,1
2015,fever,5,2013,4420000,214,20654.205607476637,1
2016,fever,5,2013,5140000,243,21152.263374485596,1
2017,fever,5,2013,2880000,136,21176.470588235294,1
2013,flu/cold/allergies,5,2013,1079152610,16874252,63.95261905535131,43
2013,flu/cold/allergies,NA,NA,6534000,33527,194.88770244877264,2
2014,flu/cold/allergies,4,2014,2411800,9787,246.42893634412997,4
2014,flu/cold/allergies,5,2013,1149645395,18992479,60.531613329676446,45
2014,flu/cold/allergies,NA,NA,3811000,17819,213.8728323699422,2
2015,flu/cold/allergies,3,2015,6311000,36712,171.90564393113968,2
2015,flu/cold/allergies,4,2014,16998900,75331,225.65610439261394,4
2015,flu/cold/allergies,5,2013,1166287611,20119428,57.96822906694962,45
2015,flu/cold/allergies,NA,NA,1143000,5275,216.6824644549763,2
2016,flu/cold/allergies,2,2016,2180000,3515,620.1991465149359,1
2016,flu/cold/allergies,3,2015,41663000,239849,173.70512280643237,2
2016,flu/cold/allergies,4,2014,36842000,311814,118.15377115844703,4
2016,flu/cold/allergies,5,2013,919874495,19743295,46.591741398788805,45
2016,flu/cold/allergies,NA,NA,234780,1149,204.33420365535247,3
2017,flu/cold/allergies,2,2016,85190000,773763,110.09831175695918,2
2017,flu/cold/allergies,3,2015,61684900,335642,183.78182706574268,5
2017,flu/cold/allergies,4,2014,29974000,345102,86.85548040869077,4
2017,flu/cold/allergies,5,2013,773887815,20832831,37.14751082078091,52
2017,flu/cold/allergies,NA,NA,103770,738,140.609756097561,3
2013,gallstones,5,2013,29893700,209059,142.99169134072199,3
2014,gallstones,5,2013,48874000,202205,241.70520016814618,3
2015,gallstones,5,2013,89214400,237258,376.0227263148134,3
2016,gallstones,5,2013,82823600,249315,332.20464071556063,3
2017,gallstones,2,2016,16500000,347,47550.43227665706,1
2017,gallstones,5,2013,130012400,386868,336.06398047912984,3
2013,hemorrhage,NA,NA,4936,546,9.04029304029304,2
2014,hemorrhage,NA,NA,5425,561,9.670231729055258,2
2015,hemorrhage,NA,NA,4904,599,8.186978297161936,2
2016,hemorrhage,NA,NA,4183,499,8.382765531062125,2
2017,hemorrhage,NA,NA,5323,730,7.291780821917809,4
2013,HIV/AIDS,5,2013,2898390030,3065072,945.618905526526,37
2013,HIV/AIDS,NA,NA,661300,786,841.3486005089059,3
2014,HIV/AIDS,3,2015,8040,40,201,1
2014,HIV/AIDS,4,2014,23509800,19917,1180.388612742883,3
2014,HIV/AIDS,5,2013,3186847690,3172057,1004.6628071311455,37
2014,HIV/AIDS,NA,NA,773090,716,1079.7346368715084,3
2015,HIV/AIDS,3,2015,51739000,34584,1496.0386305806153,3
2015,HIV/AIDS,4,2014,246781000,118552,2081.6266279775964,3
2015,HIV/AIDS,5,2013,3261658100,3055265,1067.5532564278385,37
2015,HIV/AIDS,NA,NA,1003920,568,1767.4647887323943,3
2016,HIV/AIDS,3,2015,161856000,100050,1617.751124437781,3
2016,HIV/AIDS,4,2014,496060000,208883,2374.8222689256663,3
2016,HIV/AIDS,5,2013,3035314390,2657986,1141.9602623941587,37
2016,HIV/AIDS,NA,NA,1000200,525,1905.142857142857,3
2017,HIV/AIDS,2,2016,669200000,381559,1753.8572016385408,3
2017,HIV/AIDS,3,2015,946683000,386334,2450.4263150538136,4
2017,HIV/AIDS,4,2014,679082000,261867,2593.232442423062,3
2017,HIV/AIDS,5,2013,3122264540,2321116,1345.156614318285,39
2017,HIV/AIDS,NA,NA,2043000,2146,952.0037278657968,3
2013,immune system,4,2014,8630000,146032,59.096636353675905,1
2013,immune system,5,2013,756940000,367441,2060.0314064026607,22
2013,immune system,NA,NA,111000,445,249.43820224719101,1
2014,immune system,4,2014,10726000,180368,59.46731127472722,3
2014,immune system,5,2013,961838000,416843,2307.4346936376523,23
2014,immune system,NA,NA,156000,779,200.25673940949935,1
2015,immune system,3,2015,4440000,104,42692.307692307695,1
2015,immune system,4,2014,16460000,191385,86.00465031219792,3
2015,immune system,5,2013,1147642000,447550,2564.27661713775,23
2015,immune system,NA,NA,117000,497,235.41247484909456,1
2016,immune system,3,2015,8910000,145,61448.275862068964,1
2016,immune system,4,2014,22860000,170823,133.82272878944872,3
2016,immune system,5,2013,1336762000,464369,2878.663304398011,23
2016,immune system,NA,NA,109000,419,260.1431980906921,1
2017,immune system,3,2015,38993000,10238,3808.654033991014,3
2017,immune system,4,2014,27760000,174594,158.99744550213637,3
2017,immune system,5,2013,1555396650,552885,2813.237201226295,25
2017,immune system,NA,NA,95300,347,274.63976945244957,1
2013,infection/parasite,4,2014,53400,148,360.81081081081084,2
2013,infection/parasite,5,2013,2114436747,60709150,34.82896312994005,156
2013,infection/parasite,NA,NA,276973630,1416724,195.5028855302797,14
2014,infection/parasite,3,2015,23400,62,377.4193548387097,1
2014,infection/parasite,4,2014,34283290,190459,180.00351781748302,14
2014,infection/parasite,5,2013,1971077309,66150084,29.79704922218995,157
2014,infection/parasite,NA,NA,258956140,1284826,201.54957947613138,15
2015,infection/parasite,3,2015,52808000,26144,2019.889840881273,11
2015,infection/parasite,4,2014,67722050,297720,227.46893053876124,14
2015,infection/parasite,5,2013,2290154753,72601901,31.544005342229262,157
2015,infection/parasite,NA,NA,231543240,1085147,213.3749989632741,15
2016,infection/parasite,3,2015,59364000,47748,1243.2772053279718,11
2016,infection/parasite,4,2014,61357060,250694,244.74881728322177,14
2016,infection/parasite,5,2013,2190380817,75078231,29.17464607017712,157
2016,infection/parasite,NA,NA,189621590,862609,219.8233382679754,15
2017,infection/parasite,2,2016,44685000,17244,2591.3361169102295,6
2017,infection/parasite,3,2015,114209500,103770,1100.6022935337767,14
2017,infection/parasite,4,2014,61604880,230748,266.9790420718706,14
2017,infection/parasite,5,2013,2238937260,85000819,26.34018455751585,174
2017,infection/parasite,NA,NA,157697120,683122,230.84766703458533,23
2013,kidney,5,2013,1652339310,4712836,350.6040333251571,12
2013,kidney,NA,NA,84430000,202191,417.57546082664413,3
2014,kidney,4,2014,14169750,11632,1218.169704264099,2
2014,kidney,5,2013,1953576580,6016197,324.71951633232754,12
2014,kidney,NA,NA,135770000,280724,483.64229634801444,5
2015,kidney,3,2015,8470000,8922,949.3387132929836,2
2015,kidney,4,2014,46869000,39557,1184.8471825467047,2
2015,kidney,5,2013,2601455100,7362453,353.3408091026184,12
2015,kidney,NA,NA,45910000,144651,317.38460155823327,5
2016,kidney,3,2015,24018000,23382,1027.2004105722351,2
2016,kidney,4,2014,75720000,50015,1513.9458162551234,2
2016,kidney,5,2013,3097678660,8444638,366.82195968613456,12
2016,kidney,NA,NA,32732000,116158,281.788598288538,5
2017,kidney,3,2015,65638000,55834,1175.591933230648,2
2017,kidney,4,2014,97925500,58464,1674.9709222769568,2
2017,kidney,5,2013,3143711620,11625688,270.4108023542349,15
2017,kidney,NA,NA,20607200,71236,289.28070076927395,6
2013,liver,3,2015,26400,309,85.4368932038835,1
2013,liver,4,2014,1650000,65,25384.615384615383,1
2013,liver,5,2013,249097000,432795,575.5542462366709,12
2013,liver,NA,NA,2322000,24079,96.43257610365879,4
2014,liver,3,2015,25800,299,86.2876254180602,1
2014,liver,4,2014,1603170000,82681,19389.823538660636,4
2014,liver,5,2013,3416977000,524972,6508.8747590347675,12
2014,liver,NA,NA,2956000,32862,89.95192015093421,4
2015,liver,3,2015,342033900,13554,25234.90482514387,3
2015,liver,4,2014,7420337000,307581,24124.82240450483,4
2015,liver,5,2013,1423897000,348967,4080.3199156367223,12
2015,liver,NA,NA,3547000,38199,92.855833922354,4
2016,liver,3,2015,491354100,22398,21937.40959014198,3
2016,liver,4,2014,4590880000,236198,19436.574399444533,4
2016,liver,5,2013,993672000,361743,2746.9004237815243,12
2016,liver,NA,NA,6772000,74957,90.34513120855958,4
2017,liver,2,2016,1533100000,95242,16096.890027508873,5
2017,liver,3,2015,144799300,7182,20161.417432470065,3
2017,liver,4,2014,2626909000,182487,14395.047318439121,4
2017,liver,5,2013,243812800,314943,774.148972988763,13
2017,liver,NA,NA,8932000,101520,87.9826635145784,4
2013,men's health,5,2013,1319626530,15844757,83.28474396925115,22
2013,men's health,NA,NA,223000,431,517.4013921113689,1
2014,men's health,4,2014,4816400,9982,482.50851532758963,2
2014,men's health,5,2013,1283280470,17085844,75.10781849582614,23
2014,men's health,NA,NA,226000,421,536.8171021377672,1
2015,men's health,2,2016,287000,203,1413.7931034482758,1
2015,men's health,3,2015,32023000,146579,218.469221375504,3
2015,men's health,4,2014,24096000,47986,502.146459383987,2
2015,men's health,5,2013,1366196470,19230069,71.04480332337862,24
2015,men's health,NA,NA,257100,462,556.4935064935065,2
2016,men's health,2,2016,3280000,3062,1071.1952971913781,1
2016,men's health,3,2015,111075000,936011,118.66847718669973,3
2016,men's health,4,2014,23069000,50984,452.4752863643496,2
2016,men's health,5,2013,1165425750,21773573,53.524782083308054,24
2016,men's health,NA,NA,246400,404,609.9009900990098,2
2017,men's health,2,2016,4110000,3284,1251.522533495737,2
2017,men's health,3,2015,79928000,927105,86.21245705718339,3
2017,men's health,4,2014,35052000,101240,346.22678783089685,2
2017,men's health,5,2013,1195062030,23924123,49.952177139366825,25
2017,men's health,NA,NA,368880,694,531.5273775216139,4
2013,mental health,4,2014,8030,36,223.05555555555554,1
2013,mental health,5,2013,9495327711,107548637,88.28868478361098,137
2013,mental health,NA,NA,6253000,15896,393.3694011071968,4
2014,mental health,4,2014,22759000,64477,352.9785815096856,6
2014,mental health,5,2013,9367284477,113687033,82.39536409574521,139
2014,mental health,NA,NA,18591000,27660,672.1258134490239,4
2015,mental health,3,2015,1191896000,2272288,524.5356222450675,9
2015,mental health,4,2014,126388400,234388,539.2272641944127,8
2015,mental health,5,2013,8041104313,122953700,65.3994496546261,140
2015,mental health,NA,NA,37604000,31700,1186.2460567823343,4
2016,mental health,3,2015,2022726800,5682977,355.9273247102707,10
2016,mental health,4,2014,156346100,261045,598.9239403168036,8
2016,mental health,5,2013,6483843724,125981208,51.46675307320438,140
2016,mental health,NA,NA,39177000,29587,1324.128840369081,4
2017,mental health,2,2016,481960800,809638,595.2793717686176,6
2017,mental health,3,2015,1830162470,6642424,275.5262943166531,10
2017,mental health,4,2014,160667260,258686,621.0898927657469,9
2017,mental health,5,2013,6983576101,143260997,48.74722532469881,146
2017,mental health,NA,NA,37455000,28657,1307.010503541892,7
2013,metabolism/endocrine system,5,2013,744353823,48817029,15.247831304932546,31
2014,metabolism/endocrine system,4,2014,73910,2425,30.478350515463916,2
2014,metabolism/endocrine system,5,2013,1045750298,53860379,19.415947630075163,31
2015,metabolism/endocrine system,3,2015,6377000,2444,2609.2471358428807,3
2015,metabolism/endocrine system,4,2014,976000,17884,54.573920823082084,3
2015,metabolism/endocrine system,5,2013,1262543737,57186440,22.07767675344015,32
2016,metabolism/endocrine system,3,2015,24671000,5762,4281.673030197848,3
2016,metabolism/endocrine system,4,2014,1634000,25615,63.790747608822954,3
2016,metabolism/endocrine system,5,2013,1335595963,60224053,22.177118550955047,32
2017,metabolism/endocrine system,2,2016,5260000,289,18200.692041522492,1
2017,metabolism/endocrine system,3,2015,39844000,7037,5662.071905641608,3
2017,metabolism/endocrine system,4,2014,3985000,44495,89.56062478930217,4
2017,metabolism/endocrine system,5,2013,1480426050,66384785,22.30068305561282,37
2017,metabolism/endocrine system,NA,NA,81700,1106,73.86980108499095,1
2013,nausea,5,2013,202515850,6492599,31.191800078828216,21
2013,nausea,NA,NA,195700,2012,97.26640159045725,1
2014,nausea,5,2013,221154700,7331382,30.16548585246274,21
2014,nausea,NA,NA,221100,1286,171.9284603421462,1
2015,nausea,2,2016,65100,107,608.411214953271,1
2015,nausea,3,2015,349000,479,728.6012526096033,1
2015,nausea,5,2013,223063150,7926696,28.1407474185966,21
2015,nausea,NA,NA,306200,1354,226.1447562776957,1
2016,nausea,2,2016,2980000,3613,824.7993357320786,1
2016,nausea,3,2015,577000,693,832.6118326118326,1
2016,nausea,5,2013,205698360,8393998,24.50540969869185,21
2016,nausea,NA,NA,341200,1195,285.5230125523013,1
2017,nausea,2,2016,4234000,5010,845.1097804391218,2
2017,nausea,3,2015,235000,304,773.0263157894736,1
2017,nausea,5,2013,232235100,10033315,23.146397775809888,22
2017,nausea,NA,NA,290200,931,311.7078410311493,1
2013,nervous system,5,2013,5531546705,29279074,188.92491972252947,60
2013,nervous system,NA,NA,45332230,756586,59.916823731869215,13
2014,nervous system,4,2014,13470000,10225,1317.359413202934,2
2014,nervous system,5,2013,6724407400,32568088,206.47228047283588,61
2014,nervous system,NA,NA,44845760,705482,63.567546726918614,13
2015,nervous system,3,2015,650816200,996648,653.0050730047118,10
2015,nervous system,4,2014,78640000,25772,3051.373583734285,2
2015,nervous system,5,2013,7408082330,33369365,222.00249630162276,62
2015,nervous system,NA,NA,41601768,578236,71.94600128667187,14
2016,nervous system,3,2015,1284754600,3138918,409.2985544700435,10
2016,nervous system,4,2014,79890000,22142,3608.0751512961792,2
2016,nervous system,5,2013,6983507983,31920624,218.77730156528267,61
2016,nervous system,NA,NA,24259900,543748,44.61607215106998,14
2017,nervous system,2,2016,19700000,2667,7386.576677915261,1
2017,nervous system,3,2015,1509855380,4603936,327.9488203137489,10
2017,nervous system,4,2014,84930000,25853,3285.1119792673962,2
2017,nervous system,5,2013,6934838510,39207969,176.87318896829368,65
2017,nervous system,NA,NA,24637690,824185,29.89339772017205,14
2013,nutrition/vitamins/dietary supplements,5,2013,326788390,10247760,31.888763007720712,45
2013,nutrition/vitamins/dietary supplements,NA,NA,750650,175432,4.278865885357289,2
2014,nutrition/vitamins/dietary supplements,4,2014,682340,21877,31.18983407231339,6
2014,nutrition/vitamins/dietary supplements,5,2013,355989130,11597228,30.69605340172669,50
2014,nutrition/vitamins/dietary supplements,NA,NA,313700,91948,3.411710967068343,3
2015,nutrition/vitamins/dietary supplements,3,2015,4752380,18234,260.63288362399913,4
2015,nutrition/vitamins/dietary supplements,4,2014,5742000,160450,35.78684948582113,6
2015,nutrition/vitamins/dietary supplements,5,2013,501242501,17048624,29.40075990883487,53
2015,nutrition/vitamins/dietary supplements,NA,NA,291569,87785,3.3213988722446888,3
2016,nutrition/vitamins/dietary supplements,3,2015,16303180,219440,74.29447685016406,4
2016,nutrition/vitamins/dietary supplements,4,2014,6169300,191101,32.28292892240229,6
2016,nutrition/vitamins/dietary supplements,5,2013,481091570,16800662,28.63527461001239,53
2016,nutrition/vitamins/dietary supplements,NA,NA,268990,87250,3.08297994269341,3
2017,nutrition/vitamins/dietary supplements,2,2016,109100,10753,10.146005765832792,2
2017,nutrition/vitamins/dietary supplements,3,2015,21631110,522630,41.38895585787268,9
2017,nutrition/vitamins/dietary supplements,4,2014,5072000,163478,31.025581423800144,11
2017,nutrition/vitamins/dietary supplements,5,2013,667709002,19973429,33.42986334494693,80
2017,nutrition/vitamins/dietary supplements,NA,NA,573407,198021,2.895687831088622,3
2013,osteoporosis/bone health,5,2013,1322643390,7260173,182.17794396910378,16
2014,osteoporosis/bone health,4,2014,279778610,1058611,264.2884024443351,2
2014,osteoporosis/bone health,5,2013,1046633900,6080750,172.12250133618386,16
2015,osteoporosis/bone health,3,2015,10430000,44497,234.39782457244308,1
2015,osteoporosis/bone health,4,2014,349475900,1547671,225.8076167350813,2
2015,osteoporosis/bone health,5,2013,823036950,4993693,164.81528800428862,16
2016,osteoporosis/bone health,3,2015,15030000,66467,226.1272511170957,1
2016,osteoporosis/bone health,4,2014,250387400,1310972,190.99370543383077,2
2016,osteoporosis/bone health,5,2013,838791250,5411721,154.99528708150328,16
2017,osteoporosis/bone health,3,2015,10290000,48857,210.61465092003192,1
2017,osteoporosis/bone health,4,2014,201827300,1398560,144.31079109941655,2
2017,osteoporosis/bone health,5,2013,973600290,8744912,111.33334332009287,17
2017,osteoporosis/bone health,NA,NA,5080000,383,13263.707571801566,1
2013,other,3,2015,14800,32,462.5,1
2013,other,5,2013,955478800,3425343,278.9439772892817,26
2014,other,3,2015,170000,366,464.4808743169399,1
2014,other,4,2014,106000,105,1009.5238095238095,1
2014,other,5,2013,638440500,2468480,258.6370965128338,25
2014,other,NA,NA,459000,69,6652.173913043478,1
2015,other,3,2015,14330000,1973,7263.051191079574,4
2015,other,4,2014,146000,136,1073.5294117647059,1
2015,other,5,2013,462219100,1901168,243.12375339791117,27
2015,other,NA,NA,1861800,280,6649.285714285715,2
2016,other,3,2015,42518000,10737,3959.9515693396665,4
2016,other,4,2014,144000,133,1082.7067669172932,1
2016,other,5,2013,439578100,1692987,259.6464710006633,27
2016,other,NA,NA,1767200,497,3555.7344064386316,2
2017,other,2,2016,58400000,104622,558.1999961767124,2
2017,other,3,2015,50136000,13553,3699.254777540028,4
2017,other,4,2014,11196000,322,34770.18633540373,2
2017,other,5,2013,503672191,1636941,307.691108598294,32
2017,other,NA,NA,3459300,780,4435,2
2013,opioid,5,2013,5470182330,59540639,91.87308738826266,106
2013,opioid,NA,NA,3704600,9486,390.53341766814253,6
2014,opioid,4,2014,35101300,106909,328.328765585685,11
2014,opioid,5,2013,6557892690,71756507,91.39091302200649,107
2014,opioid,NA,NA,6436400,10568,609.0461771385314,11
2015,opioid,3,2015,86656600,191128,453.3956301536143,11
2015,opioid,4,2014,493132100,2711341,181.8775653818535,11
2015,opioid,5,2013,6340785422,78288824,80.99221699894228,108
2015,opioid,NA,NA,12333040,12662,974.0199020691833,12
2016,opioid,3,2015,214470000,452717,473.73966517714155,11
2016,opioid,4,2014,418480900,2636710,158.71328284111638,11
2016,opioid,5,2013,6961674250,79479834,87.59044778578676,108
2016,opioid,NA,NA,14466500,8756,1652.1813613522156,12
2017,opioid,2,2016,32465000,69319,468.3420130123054,6
2017,opioid,3,2015,171421100,327695,523.1117349974824,14
2017,opioid,4,2013,411000,193,2129.5336787564765,1
2017,opioid,4,2014,412619400,3274317,126.01693727271977,11
2017,opioid,5,2013,6950057475,96966546,71.67479673866077,115
2017,opioid,NA,NA,10477230,7781,1346.5145868140341,15
2013,procedurerelated,5,2013,62141620,1621990,38.311962465859835,14
2013,procedurerelated,NA,NA,795000,48,16562.5,1
2014,procedurerelated,5,2013,74035570,1851921,39.9777150321207,14
2014,procedurerelated,NA,NA,1970000,125,15760,1
2015,procedurerelated,3,2015,7740,189,40.95238095238095,1
2015,procedurerelated,5,2013,83502080,2062873,40.47853648770428,14
2015,procedurerelated,NA,NA,1820000,139,13093.525179856115,1
2016,procedurerelated,3,2015,16900,395,42.78481012658228,1
2016,procedurerelated,5,2013,89807080,2210534,40.626871154209795,14
2016,procedurerelated,NA,NA,1720000,132,13030.30303030303,1
2017,procedurerelated,3,2015,26500,586,45.22184300341297,1
2017,procedurerelated,4,2014,49600,1106,44.84629294755877,1
2017,procedurerelated,5,2013,103175620,2367753,43.57533070383609,15
2017,procedurerelated,NA,NA,2108000,355,5938.028169014085,2
2013,rare genetic,5,2013,19199000,1554,12354.568854568855,5
2014,rare genetic,5,2013,22888000,1413,16198.159943382874,5
2015,rare genetic,3,2015,7220000,277,26064.981949458484,1
2015,rare genetic,5,2013,22272000,1254,17760.765550239234,4
2016,rare genetic,3,2015,13200000,508,25984.251968503937,1
2016,rare genetic,4,2014,4510000,129,34961.24031007752,1
2016,rare genetic,5,2013,25972000,1311,19810.831426392066,5
2017,rare genetic,3,2015,15300000,620,24677.41935483871,1
2017,rare genetic,5,2013,25901000,1142,22680.385288966725,5
2013,seizure disorder,5,2013,1899113910,41628890,45.62009484278826,60
2013,seizure disorder,NA,NA,83200000,91969,904.652654698866,1
2014,seizure disorder,4,2014,8281000,11422,725.0043775170723,3
2014,seizure disorder,5,2013,2204512469,47051236,46.85344438135483,60
2014,seizure disorder,NA,NA,85000000,84330,1007.944978062374,1
2015,seizure disorder,4,2014,30274000,35400,855.1977401129943,3
2015,seizure disorder,5,2013,2406296494,51430348,46.78748224686327,60
2015,seizure disorder,NA,NA,87800000,78283,1121.5717333265204,1
2016,seizure disorder,4,2014,56305000,58954,955.066662143366,3
2016,seizure disorder,5,2013,2504563674,53881850,46.482510789811414,60
2016,seizure disorder,NA,NA,86200000,71894,1198.9873981138899,1
2017,seizure disorder,2,2016,25262600,23314,1083.5806811357982,3
2017,seizure disorder,3,2015,7590000,14287,531.2521873031427,2
2017,seizure disorder,4,2014,85620000,84748,1010.2893283617312,4
2017,seizure disorder,5,2013,2742986819,63705229,43.0574830678342,61
2017,seizure disorder,NA,NA,83700000,65160,1284.5303867403316,1
2013,sleep,5,2013,825414500,12982476,63.57912774111811,17
2013,sleep,NA,NA,1240000,2864,432.9608938547486,1
2014,sleep,4,2014,62665100,407982,153.59770774200823,2
2014,sleep,5,2013,698995420,12026717,58.12021851017198,17
2014,sleep,NA,NA,1160000,2008,577.6892430278884,1
2015,sleep,3,2015,14000000,52720,265.5538694992413,1
2015,sleep,4,2014,62241500,485611,128.17152000263584,2
2015,sleep,5,2013,622036590,11483078,54.169848014617685,17
2015,sleep,NA,NA,1330000,1834,725.1908396946565,1
2016,sleep,3,2015,44700000,150697,296.6216978440181,1
2016,sleep,4,2014,69714600,428839,162.56590468684053,2
2016,sleep,5,2013,626153382,11569031,54.123234867293554,17
2016,sleep,NA,NA,1330000,1429,930.7207837648706,1
2017,sleep,2,2016,18168000,80216,226.48848110102722,1
2017,sleep,3,2015,60800000,190070,319.8821486820645,1
2017,sleep,4,2014,80989600,472027,171.57832073165306,2
2017,sleep,5,2013,521705668,12227812,42.66549632918792,19
2017,sleep,NA,NA,1695000,1758,964.1638225255973,2
2013,sterilization,3,2015,142410,44357,3.210541740875172,1
2013,sterilization,4,2014,1410,83,16.987951807228917,1
2013,sterilization,5,2013,4219208,241704,17.456095058418562,2
2013,sterilization,NA,NA,3456930,406529,8.503526193703278,12
2014,sterilization,3,2015,184820,57436,3.21784246813845,1
2014,sterilization,4,2014,1240,69,17.971014492753625,1
2014,sterilization,5,2013,6881205.6,291011,23.645860809385212,2
2014,sterilization,NA,NA,7342137,582577,12.602861081024482,12
2015,sterilization,3,2015,229200,71476,3.206670770608316,1
2015,sterilization,4,2014,1420,84,16.904761904761905,1
2015,sterilization,5,2013,21689615,465310,46.61325782811459,2
2015,sterilization,NA,NA,9314540,612815,15.199595310167016,12
2016,sterilization,3,2015,259050,80093,3.2343650506286443,1
2016,sterilization,4,2014,1910,102,18.725490196078432,1
2016,sterilization,5,2013,28212182,572343,49.292438275649396,2
2016,sterilization,NA,NA,14006418,716979,19.535325302414716,12
2017,sterilization,3,2015,236160,75541,3.126249321560477,1
2017,sterilization,4,2014,1890,86,21.976744186046513,1
2017,sterilization,5,2013,35192848,652633,53.9244077452412,2
2017,sterilization,NA,NA,18291343,760252,24.059578929091934,13
2013,STI,5,2013,121693740,1536325,79.2109351862399,7
2013,STI,NA,NA,311000,312,996.7948717948718,1
2014,STI,5,2013,129546018,1716623,75.46561941672691,7
2014,STI,NA,NA,334000,298,1120.8053691275168,1
2015,STI,5,2013,117452820,1803147,65.13768428198034,7
2015,STI,NA,NA,404000,317,1274.4479495268138,1
2016,STI,5,2013,103315870,1873874,55.13490768322737,7
2016,STI,NA,NA,398000,257,1548.6381322957197,1
2017,STI,5,2013,82484490,1908798,43.21279150543955,7
2017,STI,NA,NA,110000,66,1666.6666666666667,1
2013,stroke/blood clot/general circulatory,2,2016,37300000,8066,4624.349119761964,1
2013,stroke/blood clot/general circulatory,5,2013,2621042280,20561680,127.47218515218601,28
2013,stroke/blood clot/general circulatory,NA,NA,7687700,99697,77.11064525512302,4
2014,stroke/blood clot/general circulatory,2,2016,46900000,9365,5008.0085424452745,1
2014,stroke/blood clot/general circulatory,5,2013,3549032250,22106761,160.540580775266,29
2014,stroke/blood clot/general circulatory,NA,NA,6534990,97658,66.91709844559585,4
2015,stroke/blood clot/general circulatory,2,2016,66100000,12357,5349.194788379056,1
2015,stroke/blood clot/general circulatory,3,2015,48320000,14379,3360.456220877669,3
2015,stroke/blood clot/general circulatory,5,2013,4660598050,26200732,177.8804519659985,30
2015,stroke/blood clot/general circulatory,NA,NA,7690700,102622,74.94202022958041,4
2016,stroke/blood clot/general circulatory,2,2016,42500000,7616,5580.357142857143,1
2016,stroke/blood clot/general circulatory,3,2015,133179000,37222,3577.9646445650424,4
2016,stroke/blood clot/general circulatory,5,2013,6004684430,27420801,218.98282366003824,30
2016,stroke/blood clot/general circulatory,NA,NA,6696800,90319,74.146082219688,4
2017,stroke/blood clot/general circulatory,2,2016,230080000,74317,3095.9269077061776,2
2017,stroke/blood clot/general circulatory,3,2015,171645000,45612,3763.154433043936,4
2017,stroke/blood clot/general circulatory,5,2013,7851393360,29565600,265.55839759720755,31
2017,stroke/blood clot/general circulatory,NA,NA,7440060,115452,64.44288535495271,4
2013,transplant,5,2013,342083800,911365,375.3532338854356,15
2013,transplant,NA,NA,4930000,12274,401.66204986149586,2
2014,transplant,4,2014,14036000,18758,748.2674059068131,3
2014,transplant,5,2013,364338200,1015023,358.9457578793781,16
2014,transplant,NA,NA,5820000,14239,408.73656857925414,2
2015,transplant,4,2014,99730000,72166,1381.952720117507,3
2015,transplant,5,2013,222350800,1073232,207.17869016205256,16
2015,transplant,NA,NA,7430000,15335,484.5125529833714,2
2016,transplant,4,2014,93250000,83251,1120.1066653854007,3
2016,transplant,5,2013,185846970,1152888,161.20123550596415,16
2016,transplant,NA,NA,7660000,16197,472.927085262703,2
2017,transplant,2,2016,196000,337,581.6023738872403,1
2017,transplant,4,2014,169505000,133058,1273.9181409610846,3
2017,transplant,5,2013,196882960,1159411,169.81291362597042,17
2017,transplant,NA,NA,7899100,15212,519.2676834078359,2
2013,urinary,2,2016,2715700,21832,124.39080249175522,2
2013,urinary,5,2013,1243396950,9797465,126.91006806352459,30
2013,urinary,NA,NA,472100,4745,99.49420442571127,3
2014,urinary,2,2016,4099000,24546,166.9925853499552,2
2014,urinary,4,2014,197305623,819765,240.68559038260966,2
2014,urinary,5,2013,1467209790,11140500,131.7005331897132,31
2014,urinary,NA,NA,405900,3936,103.125,3
2015,urinary,2,2016,7016000,24200,289.91735537190084,2
2015,urinary,3,2015,1459000,3027,481.995374958705,2
2015,urinary,4,2014,219406400,880852,249.0842956592027,2
2015,urinary,5,2013,1681279890,11765765,142.89592644422186,32
2015,urinary,NA,NA,173900,1081,160.8695652173913,3
2016,urinary,2,2016,4350000,14704,295.83786724700764,2
2016,urinary,3,2015,1685000,2549,661.0435464888192,2
2016,urinary,4,2014,212142800,919486,230.71890164722464,2
2016,urinary,5,2013,1882756960,12206543,154.24161943311879,32
2016,urinary,NA,NA,95700,744,128.6290322580645,3
2017,urinary,2,2016,42640000,89651,475.6221347224236,4
2017,urinary,3,2015,662100,1091,606.8744271310724,3
2017,urinary,4,2014,155030600,751323,206.34347677363797,2
2017,urinary,5,2013,2213389130,14827646,149.2744789024502,35
2017,urinary,NA,NA,224700,820,274.0243902439024,4
2013,vaccine,3,2015,153000,1017,150.44247787610618,1
2013,vaccine,NA,NA,8221490,135612,60.6250921747338,14
2014,vaccine,3,2015,243000,1738,139.81588032220944,1
2014,vaccine,NA,NA,10785470,178656,60.37004074870141,14
2015,vaccine,3,2015,378000,2714,139.27781871775977,1
2015,vaccine,NA,NA,15078030,242323,62.22285957172864,15
2016,vaccine,3,2015,514000,3677,139.78787054664127,1
2016,vaccine,NA,NA,20846780,327685,63.61835299143995,15
2017,vaccine,3,2015,695000,4780,145.39748953974896,1
2017,vaccine,5,2013,683000,13629,50.11372807982978,1
2017,vaccine,NA,NA,28597200,444106,64.39273506775409,19
2013,weight change,5,2013,94711450,940237,100.73146451373431,6
2013,weight change,NA,NA,52900,288,183.68055555555554,1
2014,weight change,5,2013,69473310,765775,90.72287551826581,6
2014,weight change,NA,NA,35500,230,154.34782608695653,1
2015,weight change,5,2013,46874150,612585,76.51860558126627,6
2015,weight change,NA,NA,33800,207,163.28502415458937,1
2016,weight change,5,2013,44649270,593699,75.2052302597781,6
2016,weight change,NA,NA,25300,152,166.44736842105263,1
2017,weight change,5,2013,48481830,634392,76.42251163318579,9
2017,weight change,NA,NA,9810,74,132.56756756756758,1
2013,women's health,5,2013,293907653,5533846,53.11092014486851,104
2013,women's health,NA,NA,1646000,9558,172.21175978238125,2
2014,women's health,4,2014,1582020,15020,105.32756324900133,17
2014,women's health,5,2013,348727570,5607257,62.19218594760326,109
2014,women's health,NA,NA,2464000,6427,383.382604636689,2
2015,women's health,3,2015,1684890,11942,141.08943225590355,7
2015,women's health,4,2014,9095590,89451,101.68237359001017,19
2015,women's health,5,2013,382292660,5721358,66.81851756173971,110
2015,women's health,NA,NA,2425000,5320,455.82706766917295,2
2016,women's health,3,2015,2345900,19745,118.80982527222082,7
2016,women's health,4,2014,8197180,90634,90.4426594876095,19
2016,women's health,5,2013,429140370,5930022,72.36741617484725,110
2016,women's health,NA,NA,1610000,3621,444.62855564761117,2
2017,women's health,2,2016,62107870,244592,253.92437201543797,13
2017,women's health,3,2015,3466530,27645,125.39446554530656,17
2017,women's health,4,2014,9342800,100694,92.78407849524301,19
2017,women's health,5,2013,807681940,8517480,94.82639700944411,149
2017,women's health,NA,NA,5791500,9752,593.8781788351107,6
