Brand Name,Generic Name,Manufacturer,Total Spending,Total Dosage Units,Total Claims,Total Beneficiaries,Average Spending Per Dosage Unit (Weighted),Average Spending Per Claim,Average Spending Per Beneficiary,Year,totalspend,totalbens
Advocate Syringes,"Syringe And Needle,Insulin,1ml",Diabetic Supply,187539.16,626615,2740,1653,0.299741517,68.44494891,113.4538173,2013,6134194995.32,5282150
Advocate Syringes,"Syringe-Needle,Insulin,0.5 Ml",Diabetic Supply,138188.7,461020,2156,1252,0.299892051,64.09494434,110.374361,2013,6134194995.32,5282150
Apidra,Insulin Glulisine,Sanofi-Aventis,15731853.56,1273613,53899,13987,12.35214587,291.8765387,1124.748235,2013,6134194995.32,5282150
Apidra Solostar,Insulin Glulisine,Sanofi-Aventis,18607273.61,1158258,51992,17513,16.06487813,357.8872444,1062.483504,2013,6134194995.32,5282150
Bd Insulin Syringe Micro-Fine,"Syringe-Needle,Insulin,0.5 Ml",Becton Dickinso,8470.41,32802,375,156,0.258228462,22.58776,54.2975,2013,6134194995.32,5282150
Bd Insulin Syringe Ult-Fine II,"Syringe And Needle,Insulin,1ml",Becton Dickinso,19276.55,74430,708,310,0.258988983,27.22676554,62.18241936,2013,6134194995.32,5282150
Comfort Ez,"Syringe And Needle,Insulin,1ml",Simple Diagnost,184339.72,605738,2834,1890,0.302048878,65.04577276,97.53424339,2013,6134194995.32,5282150
Comfort Ez,"Syringe-Needle,Insulin,0.5 Ml",Simple Diagnost,156595.16,526401,2998,1736,0.29305439,52.23320881,90.20458525,2013,6134194995.32,5282150
Easy Comfort Insulin Syringe,"Syringe And Needle,Insulin,1ml",Home Aide Diagn,7604.45,22891,255,100,0.331163254,29.82137255,76.0445,2013,6134194995.32,5282150
Easy Comfort Insulin Syringe,"Syringe-Needle,Insulin,0.5 Ml",Home Aide Diagn,13519.27,39316,395,178,0.343816844,34.226,75.95095506,2013,6134194995.32,5282150
Easy Touch,"Syringe And Needle,Insulin,1ml",Mhc Medical Pro,283153.23,1268294,11461,4055,0.22366709,24.7058049,69.82817016,2013,6134194995.32,5282150
Easy Touch,"Syringe-Needle,Insulin,0.5 Ml",Mhc Medical Pro,841360.57,3544388,35926,11806,0.237577722,23.41926655,71.26550652,2013,6134194995.32,5282150
Easy Touch Insulin Syringe,"Syringe And Needle,Insulin,1ml",Mhc Medical Pro,54581.58,227026,1966,938,0.240442671,27.76275687,58.1893177,2013,6134194995.32,5282150
Easy Touch Insulin Syringe,"Syringe-Needle,Insulin,0.5 Ml",Mhc Medical Pro,40806.23,170070,1621,745,0.23992076,25.17349167,54.77346309,2013,6134194995.32,5282150
Humalog,Insulin Lispro,Eli Lilly & Co.,307223394.9,21283054.06,1085874,263312,14.43374003,282.9272963,1166.765643,2013,6134194995.32,5282150
Humalog Kwikpen U-100,Insulin Lispro,Eli Lilly & Co.,335854461.9,17948556,805029,231239,18.71206028,417.1954822,1452.412707,2013,6134194995.32,5282150
Humalog Mix 50-50,Insulin Lispro Protamin/Lispro,Eli Lilly & Co.,14616610.01,969416.266,28922,5444,15.07774371,505.3803337,2684.902647,2013,6134194995.32,5282150
Humalog Mix 50-50 Kwikpen,Insulin Lispro Protamin/Lispro,Eli Lilly & Co.,20420676.39,1078647,32947,7257,18.93175097,619.803818,2813.928123,2013,6134194995.32,5282150
Humalog Mix 75-25,Insulin Lispro Protamin/Lispro,Eli Lilly & Co.,94110630.72,6309950.825,238482,44300,14.91463774,394.6236224,2124.39347,2013,6134194995.32,5282150
Humalog Mix 75-25 Kwikpen,Insulin Lispro Protamin/Lispro,Eli Lilly & Co.,129435741.2,6908096,250926,52437,18.73681853,515.8323217,2468.404775,2013,6134194995.32,5282150
Humapen Luxura Hd,Insulin Admin. Supplies,Eli Lilly & Co.,8746.92,177,159,142,49.41762712,55.01207547,61.59802817,2013,6134194995.32,5282150
Humulin 70-30,Insulin NPh Hum/Reg Insulin Hm,Eli Lilly & Co.,137020372.9,18112780.35,647946,120545,7.564844833,211.4688151,1136.674046,2013,6134194995.32,5282150
Humulin N,Insulin NPh Human Isophane,Eli Lilly & Co.,103372194.2,18160145.22,650458,144529,5.692255925,158.922166,715.2349648,2013,6134194995.32,5282150
Humulin R,"Insulin Regular, Human",Eli Lilly & Co.,50046732,7650355.904,434901,124622,6.5417521259999996,115.0761484,401.5882589,2013,6134194995.32,5282150
Humulin R U-500,"Insulin Regular, Human",Eli Lilly & Co.,93501654.39,2343195,81000,17209,39.90348835,1154.341412,5433.299691,2013,6134194995.32,5282150
Insulin Syringe,"Syringe And Needle,Insulin,1ml",Bd Diabetes,24837814.35,99499839.4,844890,265936,0.251664618,29.39769005,93.39771355,2013,6134194995.32,5282150
Insulin Syringe,"Syringe And Needle,Insulin,1ml",Bd Medical Surg,39012.16,87286,903,452,0.44694636,43.20283499,86.3100885,2013,6134194995.32,5282150
Insulin Syringe,"Syringe And Needle,Insulin,1ml",Becton Dickinso,6686.73,26533,296,28,0.250177737,22.59030405,238.8117857,2013,6134194995.32,5282150
Insulin Syringe,"Syringe And Needle,Insulin,1ml",Boca Medical,6771.48,25210,357,124,0.268602935,18.96773109,54.60870968,2013,6134194995.32,5282150
Insulin Syringe,"Syringe And Needle,Insulin,1ml",Chain Drug Cons,8097.82,83542,835,329,0.097366036,9.697988024,24.61343465,2013,6134194995.32,5282150
Insulin Syringe,"Syringe And Needle,Insulin,1ml",Equaline Vitami,54227.2,278924,3060,1125,0.195236028,17.72130719,48.20195556,2013,6134194995.32,5282150
Insulin Syringe,"Syringe And Needle,Insulin,1ml",Global Diabetic,166035.91,516939,5413,1764,0.321558387,30.67354702,94.12466553,2013,6134194995.32,5282150
Insulin Syringe,"Syringe And Needle,Insulin,1ml",Good Neighbor,11828.5,71521,766,263,0.165384992,15.44190601,44.97528517,2013,6134194995.32,5282150
Insulin Syringe,"Syringe And Needle,Insulin,1ml",Leader,3203.71,5680,90,46,0.564033451,35.59677778,69.64586957,2013,6134194995.32,5282150
Insulin Syringe,"Syringe And Needle,Insulin,1ml",Perrigo Diabete,164832.97,1023746.999,10892,4135,0.160705058,15.13339791,39.86287062,2013,6134194995.32,5282150
Insulin Syringe,"Syringe And Needle,Insulin,1ml",Rite Aid-Bd,31639.38,183486,1908,695,0.172434845,16.58248428,45.52428777,2013,6134194995.32,5282150
Insulin Syringe,"Syringe And Needle,Insulin,1ml",Rugby,84382.36,391168,4847,1435,0.215718975,17.40919332,58.80303833,2013,6134194995.32,5282150
Insulin Syringe,"Syringe And Needle,Insulin,1ml",Specialty Med,40940.43,174478,2193,897,0.237906923,18.66868673,45.64150502,2013,6134194995.32,5282150
Insulin Syringe,"Syringe And Needle,Insulin,1ml",Ultimed Inc,906825.4,5265573,50025,16645,0.17225041,18.12744428,54.48034845,2013,6134194995.32,5282150
Insulin Syringe,"Syringe And Needle,Insulin,1ml",Wal-Mart Stores,1287720,10140875,85334,32309,0.126982972,15.09035086,39.85638677,2013,6134194995.32,5282150
Insulin Syringe,"Syringe And Needle,Insulin,1ml",Walgreen Co.,3499961.85,19994603.11,176783,65725,0.175083048,19.79806797,53.2516067,2013,6134194995.32,5282150
Insulin Syringe,"Syringe-Needle,Insulin,0.5 Ml",Bd Diabetes,28197458.13,115586538.7,962536,290241,0.244862205,29.29496469,97.15187768,2013,6134194995.32,5282150
Insulin Syringe,"Syringe-Needle,Insulin,0.5 Ml",Chain Drug Cons,6820.89,72378,796,323,0.093519534,8.568957286,21.1173065,2013,6134194995.32,5282150
Insulin Syringe,"Syringe-Needle,Insulin,0.5 Ml",Equaline Vitami,25624.37,128263,1535,1174,0.200069272,16.69340065,21.82655026,2013,6134194995.32,5282150
Insulin Syringe,"Syringe-Needle,Insulin,0.5 Ml",Global Diabetic,192947.54,594795,6375,2082,0.325041067,30.26628078,92.67413064,2013,6134194995.32,5282150
Insulin Syringe,"Syringe-Needle,Insulin,0.5 Ml",Good Neighbor,14977.51,86314,947,302,0.17352353,15.81574446,49.59440397,2013,6134194995.32,5282150
Insulin Syringe,"Syringe-Needle,Insulin,0.5 Ml",Perrigo Diabete,210000.26,1303837,14112,4532,0.160826122,14.88097081,46.33721536,2013,6134194995.32,5282150
Insulin Syringe,"Syringe-Needle,Insulin,0.5 Ml",Rite Aid-Bd,40302.64,233509,2381,853,0.172599616,16.92677027,47.24811254,2013,6134194995.32,5282150
Insulin Syringe,"Syringe-Needle,Insulin,0.5 Ml",Specialty Med,15879.29,76310,847,373,0.211250855,18.74768595,42.57182306,2013,6134194995.32,5282150
Insulin Syringe,"Syringe-Needle,Insulin,0.5 Ml",Ultimed Inc,1120358.88,6338907,64305,20234,0.17692201,17.42257803,55.37011367,2013,6134194995.32,5282150
Insulin Syringe,"Syringe-Needle,Insulin,0.5 Ml",Wal-Mart Stores,1217149.91,9597415,81781,30636,0.126819971,14.88304019,39.72940038,2013,6134194995.32,5282150
Insulin Syringe,"Syringe-Needle,Insulin,0.5 Ml",Walgreen Co.,3640944.85,21434820,188963,65938,0.170096659,19.26803051,55.21770224,2013,6134194995.32,5282150
Integra Syringe,"Syringe And Needle,Insulin,1ml",Bd Medical Surg,16604.82,27752,530,139,0.598328769,31.32984906,119.4591367,2013,6134194995.32,5282150
Lantus,"Insulin Glargine,Hum.Rec.Anlog",Sanofi-Aventis,1311063183,85656971.05,4601729,838355,15.3059718,284.9066477,1563.852047,2013,6134194995.32,5282150
Lantus Solostar,"Insulin Glargine,Hum.Rec.Anlog",Sanofi-Aventis,1371996461,80268075.7,3863847,862892,17.09267911,355.0856079,1589.997892,2013,6134194995.32,5282150
Levemir,Insulin Detemir,Novo Nordisk,273675095.1,17592139.28,959363,184971,15.55666942,285.2675109,1479.556769,2013,6134194995.32,5282150
Lite Touch,"Syringe And Needle,Insulin,1ml",Medicore,90262.74,404179,4086,1264,0.222866461,22.09073421,71.41039557,2013,6134194995.32,5282150
Lite Touch,"Syringe-Needle,Insulin,0.5 Ml",Medicore,92041.93,421664,4410,1410,0.218126577,20.87118594,65.27796454,2013,6134194995.32,5282150
Maxi-Comfort,"Syringe And Needle,Insulin,1ml",Delta Hi-Tech,1323.17,5470,50,19,0.241895795,26.4634,69.64052632,2013,6134194995.32,5282150
Maxi-Comfort,"Syringe-Needle,Insulin,0.5 Ml",Delta Hi-Tech,1237.21,4550,51,22,0.271914286,24.25901961,56.23681818,2013,6134194995.32,5282150
Monoject,"Syringe-Needle,Insulin,0.5 Ml",Covidien/Kendal,1080.71,9647,77,50,0.1120255,14.03519481,21.6142,2013,6134194995.32,5282150
Monoject Insulin Syringe,"Syringe And Needle,Insulin,1ml",Can-Am/Access C,145208.91,752260,7042,2419,0.193030216,20.62040756,60.02848698,2013,6134194995.32,5282150
Monoject Insulin Syringe,"Syringe And Needle,Insulin,1ml",Sherwood,142202.4,1098679,12344,3886,0.12898252,11.51996112,36.59351518,2013,6134194995.32,5282150
Monoject Insulin Syringe,"Syringe-Needle,Insulin,0.5 Ml",Can-Am/Access C,178074.09,856422,8607,2759,0.207927972,20.68944929,64.54298297,2013,6134194995.32,5282150
Monoject Insulin Syringe,"Syringe-Needle,Insulin,0.5 Ml",Sherwood,1330470.55,4142731.871,47181,11236,0.317561746,28.19928679,118.4114053,2013,6134194995.32,5282150
Novolin 70-30,Insulin NPh Hum/Reg Insulin Hm,Novo Nordisk,122029867.8,15091477.44,621708,112310,8.086012006,196.2816431,1086.54499,2013,6134194995.32,5282150
Novolin 70-30,Insulin NPh Hum/Reg Insulin Hm,Novo Nordisk-Wa,10939619.38,4299576,131095,28696,2.544348415,83.44802914,381.2245393,2013,6134194995.32,5282150
Novolin N,Insulin NPh Human Isophane,Novo Nordisk,61549806.07,7593252.422,364801,72558,8.10585539,168.7215936,848.284215,2013,6134194995.32,5282150
Novolin N,Insulin NPh Human Isophane,Novo Nordisk-Wa,6292851.6,2487643,90298,20931,2.529644165,69.68982259,300.6474416,2013,6134194995.32,5282150
Novolin R,"Insulin Regular, Human",Novo Nordisk,57970694.72,6864072.062,534330,127308,8.445525367,108.4923076,455.3578308,2013,6134194995.32,5282150
Novolin R,"Insulin Regular, Human",Novo Nordisk-Wa,3247573.93,1260037,52319,16148,2.577363943,62.07255357,201.1130747,2013,6134194995.32,5282150
Novolog,Insulin Aspart,Novo Nordisk,438613355.8,28830705.03,1621075,356851,15.20660106,270.5694405,1229.121835,2013,6134194995.32,5282150
Novolog Flexpen,Insulin Aspart,Novo Nordisk,619666076.5,32310447.82,1579973,425402,19.17850473,392.2004214,1456.659998,2013,6134194995.32,5282150
Novolog Mix 70-30,Insulin Aspart Prot/Insuln Asp,Novo Nordisk,161341010.3,10378561.9,418903,77762,15.54560371,385.1512411,2074.805308,2013,6134194995.32,5282150
Novolog Mix 70-30 Flexpen,Insulin Aspart Prot/Insuln Asp,Novo Nordisk,294072802.7,15414257,576910,118849,19.07797455,509.7377454,2474.339731,2013,6134194995.32,5282150
Prodigy Insulin Syringe,"Syringe And Needle,Insulin,1ml",Prodigy Diabete,13974.65,100790,964,362,0.138651156,14.4965249,38.60400553,2013,6134194995.32,5282150
Prodigy Insulin Syringe,"Syringe-Needle,Insulin,0.5 Ml",Prodigy Diabete,22694.26,159200,1560,529,0.142551884,14.54760256,42.90030246,2013,6134194995.32,5282150
Safetyglide Insulin Syringe,"Syringe-Needle,Insulin,0.5 Ml",Bd Medical Surg,71884.17,171020,1604,525,0.420326102,44.81556733,136.9222286,2013,6134194995.32,5282150
Sure Comfort,"Syringe And Needle,Insulin,1ml",Allison Medical,2452747.42,9291462.5,100873,29629,0.264235149,24.31520248,82.78198454,2013,6134194995.32,5282150
Sure Comfort,"Syringe-Needle,Insulin,0.5 Ml",Allison Medical,3574091.69,13331530,153299,42172,0.268257115,23.31451405,84.75034834,2013,6134194995.32,5282150
Sure-Ject Insulin Syringe,"Syringe And Needle,Insulin,1ml",One Pharmaceuti,8284.61,29526,458,395,0.28058694,18.08866812,20.9736962,2013,6134194995.32,5282150
Sure-Ject Insulin Syringe,"Syringe-Needle,Insulin,0.5 Ml",One Pharmaceuti,11203.41,48578,687,236,0.230627239,16.30772926,47.47207627,2013,6134194995.32,5282150
Terumo Insulin Syringe,"Syringe-Needle,Insulin,0.5 Ml",Terumo,10272.99,52972,667,297,0.193932455,15.40178411,34.58919192,2013,6134194995.32,5282150
Topcare Ultra Comfort,"Syringe And Needle,Insulin,1ml",Perrigo Diabete,5946.06,38252,332,277,0.155570922,17.90981928,21.46592058,2013,6134194995.32,5282150
Trueplus Insulin Syringe,"Syringe And Needle,Insulin,1ml",Nipro Diag/Triv,91946.86,543081,5313,2110,0.16900326,17.30601543,43.5767109,2013,6134194995.32,5282150
Trueplus Insulin Syringe,"Syringe-Needle,Insulin,0.5 Ml",Nipro Diag/Triv,139744.46,896130,9789,3805,0.153276213,14.27566248,36.72653351,2013,6134194995.32,5282150
Ulticare,"Syr,Ndl,Insulin,1ml-Sharps Bin",Ultimed Inc,7808.88,32800,297,119,0.240441786,26.29252525,65.62084034,2013,6134194995.32,5282150
Ulticare,"Syringe And Needle,Insulin,1ml",Ultimed Inc,291939.38,1584846,14940,5152,0.183622367,19.54078849,56.66525233,2013,6134194995.32,5282150
Ulticare,"Syringe-Needle,Insulin,0.5 Ml",Ultimed Inc,293766.45,1556623,15237,5114,0.18721319,19.27980902,57.44357646,2013,6134194995.32,5282150
Ultilet Insulin Syringe,"Syringe And Needle,Insulin,1ml",Boca Medical,13161.27,48926,703,234,0.267891954,18.72157895,56.24474359,2013,6134194995.32,5282150
Ultra Comfort,"Syringe And Needle,Insulin,1ml",Can-Am/Access C,346801.19,1731948,15976,5152,0.20034111,21.70763583,67.31389558,2013,6134194995.32,5282150
Ultra Comfort,"Syringe And Needle,Insulin,1ml",Good Neighbor,4775.62,27950,323,107,0.17086297,14.78520124,44.63196262,2013,6134194995.32,5282150
Ultra Comfort,"Syringe And Needle,Insulin,1ml",Perrigo Diabete,795613.52,5238525,50249,16376,0.151982918,15.83341997,48.58411822,2013,6134194995.32,5282150
Ultra Comfort,"Syringe-Needle,Insulin,0.5 Ml",Can-Am/Access C,311588.55,1514320,14659,4576,0.205797317,21.25578484,68.09190341,2013,6134194995.32,5282150
Ultra Comfort,"Syringe-Needle,Insulin,0.5 Ml",Good Neighbor,6380.55,38037,416,165,0.167745879,15.33786058,38.67,2013,6134194995.32,5282150
Ultra Comfort,"Syringe-Needle,Insulin,0.5 Ml",Perrigo Diabete,778313.48,5012227,49788,16247,0.155321362,15.63255162,47.90505817,2013,6134194995.32,5282150
Ultra Comfort,"Syringe-Needle,Insulin,0.5 Ml",Rugby,48235.37,226110,2704,815,0.213327009,17.83852441,59.18450307,2013,6134194995.32,5282150
Ultra-Thin II,"Syringe And Needle,Insulin,1ml",Delta Hi-Tech,54949.26,202797,1865,681,0.270715647,29.46341019,80.68907489,2013,6134194995.32,5282150
Ultra-Thin II,"Syringe-Needle,Insulin,0.5 Ml",Delta Hi-Tech,86071.72,304281,3050,1016,0.28295733,28.22023607,84.71625984,2013,6134194995.32,5282150
Vanishpoint,"Syringe And Needle,Insulin,1ml",Retractable Tec,147148.96,212887,2204,617,0.691206884,66.76450091,238.4910211,2013,6134194995.32,5282150
Vgo 20,"Sub-Q Insulin Device, 20 Unit","Valeritas, Inc.",673913.34,92910,2778,909,7.253399419,242.5893953,741.3788119,2013,6134194995.32,5282150
Vgo 30,"Sub-Q Insulin Device, 30 Unit","Valeritas, Inc.",655781.15,90400,2699,966,7.254216261,242.971897,678.8624741,2013,6134194995.32,5282150
Vgo 40,"Sub-Q Insulin Device, 40 Unit","Valeritas, Inc.",1100829.37,152031,4399,1379,7.24082174,250.2453671,798.2809065,2013,6134194995.32,5282150
Advocate Syringes,"Syringe And Needle,Insulin,1ml",Diabetic Supply,119343.38,366055,1961,1152,0.325983638,60.85842937,103.596684,2014,8489494322.2300005,5709849
Advocate Syringes,"Syringe-Needle,Insulin,0.5 Ml",Diabetic Supply,50031.11,149448,1182,437,0.335889873,42.32750423,114.4876659,2014,8489494322.2300005,5709849
Apidra,Insulin Glulisine,Sanofi-Aventis,18909336.29,1110187,45106,11688,17.03256865,419.2199772,1617.841914,2014,8489494322.2300005,5709849
Apidra Solostar,Insulin Glulisine,Sanofi-Aventis,29941406.11,1366898,60998,19359,21.90463817,490.8588169,1546.640121,2014,8489494322.2300005,5709849
Bd Insulin Syringe Micro-Fine,"Syringe-Needle,Insulin,0.5 Ml",Becton Dickinso,8712.76,32888,433,151,0.26492216,20.12184758,57.70039735,2014,8489494322.2300005,5709849
Bd Insulin Syringe Ult-Fine II,"Syringe And Needle,Insulin,1ml",Becton Dickinso,14252.12,55157,545,247,0.258391863,26.1506789,57.70089069,2014,8489494322.2300005,5709849
Comfort Ez,"Syringe And Needle,Insulin,1ml",Simple Diagnost,479708.63,1331846,7199,3383,0.359688895,66.63545354,141.7997724,2014,8489494322.2300005,5709849
Comfort Ez,"Syringe-Needle,Insulin,0.5 Ml",Simple Diagnost,451849.59,1264406,7739,3111,0.355675112,58.38604342,145.2425555,2014,8489494322.2300005,5709849
Easy Comfort Insulin Syringe,"Syringe And Needle,Insulin,1ml",Home Aide Diagn,55127.22,137325,1360,447,0.40174527,40.53472059,123.3271141,2014,8489494322.2300005,5709849
Easy Comfort Insulin Syringe,"Syringe-Needle,Insulin,0.5 Ml",Home Aide Diagn,104573.91,254818,2888,775,0.41034248,36.20980263,134.9340774,2014,8489494322.2300005,5709849
Easy Touch,"Syringe And Needle,Insulin,1ml",Mhc Medical Pro,418858.92,1888909,17604,5963,0.222306657,23.79339468,70.24298508,2014,8489494322.2300005,5709849
Easy Touch,"Syringe-Needle,Insulin,0.5 Ml",Mhc Medical Pro,1184560.35,5053046,50606,15808,0.234529375,23.407508,74.93423267,2014,8489494322.2300005,5709849
Easy Touch Insulin Syringe,"Syringe And Needle,Insulin,1ml",Mhc Medical Pro,86110.03,357285,3517,1230,0.241076302,24.4839437,70.00815447,2014,8489494322.2300005,5709849
Easy Touch Insulin Syringe,"Syringe-Needle,Insulin,0.5 Ml",Mhc Medical Pro,61649.39,260771,2594,953,0.236436289,23.76614881,64.68981112,2014,8489494322.2300005,5709849
Easy-Touch Insulin Syringe,"Syringe And Needle,Insulin,1ml",Mhc Medical Pro,632369.36,2729196,25707,8430,0.231705367,24.59911153,75.01415896,2014,8489494322.2300005,5709849
Easy-Touch Insulin Syringe,"Syringe And Needle,Insulin,1ml",Rugby,842.93,3852,42,22,0.21882918,20.06976191,38.315,2014,8489494322.2300005,5709849
Humalog,Insulin Lispro,Eli Lilly & Co.,414427338.9,23499788.27,1224629,287341,17.63270925,338.4105218,1442.284042,2014,8489494322.2300005,5709849
Humalog Kwikpen U-100,Insulin Lispro,Eli Lilly & Co.,522248868.6,22960122.44,1038658,291855,22.74590956,502.8111935,1789.412101,2014,8489494322.2300005,5709849
Humalog Mix 50-50,Insulin Lispro Protamin/Lispro,Eli Lilly & Co.,17678913.39,934345.5,28095,5295,18.92117358,629.2547923,3338.793841,2014,8489494322.2300005,5709849
Humalog Mix 50-50 Kwikpen,Insulin Lispro Protamin/Lispro,Eli Lilly & Co.,26888453.47,1168375,35648,7797,23.01354742,754.2766346,3448.563995,2014,8489494322.2300005,5709849
Humalog Mix 75-25,Insulin Lispro Protamin/Lispro,Eli Lilly & Co.,116147354.3,6220934.666,234194,43330,18.67040252,495.9450468,2680.529755,2014,8489494322.2300005,5709849
Humalog Mix 75-25 Kwikpen,Insulin Lispro Protamin/Lispro,Eli Lilly & Co.,180480165.5,7926878.1,288798,60298,22.76812677,624.9356486,2993.136845,2014,8489494322.2300005,5709849
Humapen Luxura Hd,Insulin Admin. Supplies,Eli Lilly & Co.,8715.15,182,166,149,47.88543956,52.50090361,58.4909396,2014,8489494322.2300005,5709849
Humulin 70-30,Insulin NPh Hum/Reg Insulin Hm,Eli Lilly & Co.,153608451.5,17246246.86,612349,113253,8.906775644,250.851151,1356.330088,2014,8489494322.2300005,5709849
Humulin 70/30 Kwikpen,Insulin NPh Hum/Reg Insulin Hm,Eli Lilly & Co.,41089081.68,2004364,74667,20326,20.49981025,550.2977444,2021.503576,2014,8489494322.2300005,5709849
Humulin N,Insulin NPh Human Isophane,Eli Lilly & Co.,116208423.2,18338884.85,633240,143157,6.336722443,183.5140282,811.7550885,2014,8489494322.2300005,5709849
Humulin N Kwikpen,Insulin NPh Human Isophane,Eli Lilly & Co.,23430646.18,1243358,50644,17384,18.84464988,462.6539408,1347.828243,2014,8489494322.2300005,5709849
Humulin R,"Insulin Regular, Human",Eli Lilly & Co.,58076751.21,7753247.59,434776,120826,7.490635445,133.5785582,480.6643538,2014,8489494322.2300005,5709849
Humulin R U-500,"Insulin Regular, Human",Eli Lilly & Co.,127536166,2653585.43,91795,18992,48.0618278,1389.358527,6715.257266,2014,8489494322.2300005,5709849
Insulin Syringe,"Syringe And Needle,Insulin,1ml",Bd Diabetes,24180331.17,96318758.44,799471,256557,0.253255132,30.24541374,94.24935266,2014,8489494322.2300005,5709849
Insulin Syringe,"Syringe And Needle,Insulin,1ml",Bd Medical Surg,89159.66,207529,2213,1042,0.429625064,40.28904654,85.56589251,2014,8489494322.2300005,5709849
Insulin Syringe,"Syringe And Needle,Insulin,1ml",Becton Dickinso,7813.66,33783,424,106,0.23055491,18.4284434,73.71377359,2014,8489494322.2300005,5709849
Insulin Syringe,"Syringe And Needle,Insulin,1ml",Boca Medical,4823.34,17950,274,112,0.268709749,17.60343066,43.06553571,2014,8489494322.2300005,5709849
Insulin Syringe,"Syringe And Needle,Insulin,1ml",Chain Drug Cons,8333.96,86554,957,354,0.09703048,8.708422153,23.54225989,2014,8489494322.2300005,5709849
Insulin Syringe,"Syringe And Needle,Insulin,1ml",Equaline Vitami,51621.03,299759,3215,1171,0.171573768,16.05630793,44.0828608,2014,8489494322.2300005,5709849
Insulin Syringe,"Syringe And Needle,Insulin,1ml",Global Diabetic,225835.88,674706,6862,2218,0.335183159,32.91108715,101.8196033,2014,8489494322.2300005,5709849
Insulin Syringe,"Syringe And Needle,Insulin,1ml",Good Neighbor,17002.94,100664,1095,346,0.168907852,15.52779909,49.14144509,2014,8489494322.2300005,5709849
Insulin Syringe,"Syringe And Needle,Insulin,1ml",Leader,10677.54,19320,274,101,0.552667702,38.96912409,105.7182178,2014,8489494322.2300005,5709849
Insulin Syringe,"Syringe And Needle,Insulin,1ml",Perrigo Diabete,127565.59,800401,8513,3189,0.159146362,14.98479854,40.0017529,2014,8489494322.2300005,5709849
Insulin Syringe,"Syringe And Needle,Insulin,1ml",Rite Aid-Bd,27909.94,162926,1689,587,0.171304396,16.52453523,47.54674617,2014,8489494322.2300005,5709849
Insulin Syringe,"Syringe And Needle,Insulin,1ml",Rugby,81029.81,385417,4679,1439,0.210239325,17.31776234,56.309805420000004,2014,8489494322.2300005,5709849
Insulin Syringe,"Syringe And Needle,Insulin,1ml",Specialty Med,40946.14,173746,2079,891,0.238449403,19.69511304,45.95526375,2014,8489494322.2300005,5709849
Insulin Syringe,"Syringe And Needle,Insulin,1ml",Ultimed Inc,1647784.01,6849791,64231,22474,0.240716297,25.65403014,73.31956973,2014,8489494322.2300005,5709849
Insulin Syringe,"Syringe And Needle,Insulin,1ml",Wal-Mart Stores,1370258.31,10851416,90344,35073,0.126273424,15.16712023,39.06875118,2014,8489494322.2300005,5709849
Insulin Syringe,"Syringe And Needle,Insulin,1ml",Walgreen Co.,3358919.44,19416147,169056,65519,0.173052176,19.86867925,51.26634167,2014,8489494322.2300005,5709849
Insulin Syringe,"Syringe-Needle,Insulin,0.5 Ml",Bd Diabetes,26358608.3,107950710,874098,269258,0.245080202,30.15520949,97.89350103,2014,8489494322.2300005,5709849
Insulin Syringe,"Syringe-Needle,Insulin,0.5 Ml",Chain Drug Cons,4867.62,52832,531,231,0.092143152,9.166892655,21.07194805,2014,8489494322.2300005,5709849
Insulin Syringe,"Syringe-Needle,Insulin,0.5 Ml",Equaline Vitami,25136.87,127237,1446,1147,0.198316953,17.38372752,21.91531822,2014,8489494322.2300005,5709849
Insulin Syringe,"Syringe-Needle,Insulin,0.5 Ml",Global Diabetic,252122.05,757199,8011,2569,0.333117816,31.47198227,98.14015181,2014,8489494322.2300005,5709849
Insulin Syringe,"Syringe-Needle,Insulin,0.5 Ml",Good Neighbor,16465.92,95185,1002,336,0.172988601,16.43305389,49.00571429,2014,8489494322.2300005,5709849
Insulin Syringe,"Syringe-Needle,Insulin,0.5 Ml",Perrigo Diabete,148230.09,928646,9925,3168,0.159417739,14.93502166,46.78980114,2014,8489494322.2300005,5709849
Insulin Syringe,"Syringe-Needle,Insulin,0.5 Ml",Rite Aid-Bd,33217.75,193301,1980,708,0.171854622,16.77664141,46.91772599,2014,8489494322.2300005,5709849
Insulin Syringe,"Syringe-Needle,Insulin,0.5 Ml",Specialty Med,16141.32,74585,787,388,0.217458944,20.50993647,41.60134021,2014,8489494322.2300005,5709849
Insulin Syringe,"Syringe-Needle,Insulin,0.5 Ml",Ultimed Inc,1836151.21,7492684,75030,24561,0.245212129,24.47222724,74.75881316,2014,8489494322.2300005,5709849
Insulin Syringe,"Syringe-Needle,Insulin,0.5 Ml",Wal-Mart Stores,1237822.82,9813256,82623,31741,0.126137549,14.9815768,38.99759995,2014,8489494322.2300005,5709849
Insulin Syringe,"Syringe-Needle,Insulin,0.5 Ml",Walgreen Co.,3277589.83,19752106,172005,63131,0.166190017,19.0552009,51.91728042,2014,8489494322.2300005,5709849
Integra Syringe,"Syringe And Needle,Insulin,1ml",Bd Medical Surg,15997.43,26507,456,91,0.603517184,35.08208333,175.7959341,2014,8489494322.2300005,5709849
Lantus,"Insulin Glargine,Hum.Rec.Anlog",Sanofi-Aventis,1725595629,80207645.08,4284694,787204,21.51410414,402.7348578,2192.056479,2014,8489494322.2300005,5709849
Lantus Solostar,"Insulin Glargine,Hum.Rec.Anlog",Sanofi-Aventis,2016972560,92786700.21,4442308,973020,21.73773349,454.0370817,2072.899386,2014,8489494322.2300005,5709849
Levemir,Insulin Detemir,Novo Nordisk,449970896.9,20715604.25,1152406,218350,21.72135031,390.4621261,2060.778094,2014,8489494322.2300005,5709849
Levemir Flextouch,Insulin Detemir,Novo Nordisk,225809589.9,9587006,441136,254450,23.55371321,511.882027,887.4418938,2014,8489494322.2300005,5709849
Lite Touch,"Syringe And Needle,Insulin,1ml",Medicore,221568.26,669749,5267,2107,0.324552485,42.0672603,105.158168,2014,8489494322.2300005,5709849
Lite Touch,"Syringe-Needle,Insulin,0.5 Ml",Medicore,190331.67,585100,5088,1879,0.321566935,37.40795401,101.2941299,2014,8489494322.2300005,5709849
Maxi-Comfort,"Syringe And Needle,Insulin,1ml",Delta Hi-Tech,2136.02,8760,91,34,0.2438379,23.47274725,62.82411765,2014,8489494322.2300005,5709849
Maxi-Comfort,"Syringe-Needle,Insulin,0.5 Ml",Delta Hi-Tech,1425.44,5190,52,17,0.274651252,27.41230769,83.84941177,2014,8489494322.2300005,5709849
Monoject,"Syringe-Needle,Insulin,0.5 Ml",Covidien/Kendal,1021.14,8713,99,39,0.117197291,10.31454546,26.18307692,2014,8489494322.2300005,5709849
Monoject Insulin Syringe,"Syringe And Needle,Insulin,1ml",Can-Am/Access C,160014.74,812528,7512,2782,0.196934432,21.30121672,57.51787922,2014,8489494322.2300005,5709849
Monoject Insulin Syringe,"Syringe And Needle,Insulin,1ml",Sherwood,127026.57,972680,10858,3661,0.130169117,11.69889206,34.697233,2014,8489494322.2300005,5709849
Monoject Insulin Syringe,"Syringe-Needle,Insulin,0.5 Ml",Can-Am/Access C,160378.56,766169,7550,2648,0.209325306,21.24219338,60.56592145,2014,8489494322.2300005,5709849
Monoject Insulin Syringe,"Syringe-Needle,Insulin,0.5 Ml",Sherwood,1253840.12,3748674.571,41931,9943,0.332408642,29.90246166,126.102798,2014,8489494322.2300005,5709849
Novolin 70-30,Insulin NPh Hum/Reg Insulin Hm,Novo Nordisk,129281026.7,13261948.03,531265,97144,9.748268232,243.3456499,1330.818441,2014,8489494322.2300005,5709849
Novolin 70-30,Insulin NPh Hum/Reg Insulin Hm,Novo Nordisk-Wa,13394520.89,5092276,152832,32882,2.630360352,87.64212266,407.3511614,2014,8489494322.2300005,5709849
Novolin N,Insulin NPh Human Isophane,Novo Nordisk,65493827.5,6708085.821,311794,61982,9.763415265,210.0548038,1056.658828,2014,8489494322.2300005,5709849
Novolin N,Insulin NPh Human Isophane,Novo Nordisk-Wa,7542613.8,2936793,105761,24605,2.56831646,71.31753482,306.5480106,2014,8489494322.2300005,5709849
Novolin R,"Insulin Regular, Human",Novo Nordisk,57830079.74,5873149.913,427940,101250,9.84651858,135.135953,571.1612814,2014,8489494322.2300005,5709849
Novolin R,"Insulin Regular, Human",Novo Nordisk-Wa,4145083.47,1564790,64180,18904,2.648971089,64.58528311,219.2701793,2014,8489494322.2300005,5709849
Novolog,Insulin Aspart,Novo Nordisk,514411128.4,27938122.87,1533861,336195,18.40571482,335.3701075,1530.097498,2014,8489494322.2300005,5709849
Novolog Flexpen,Insulin Aspart,Novo Nordisk,817956972.1,35163171,1725281,455094,23.26175225,474.1007245,1797.336313,2014,8489494322.2300005,5709849
Novolog Mix 70-30,Insulin Aspart Prot/Insuln Asp,Novo Nordisk,171452315.3,9107812.3,364969,68309,18.82475283,469.7722692,2509.952061,2014,8489494322.2300005,5709849
Novolog Mix 70-30 Flexpen,Insulin Aspart Prot/Insuln Asp,Novo Nordisk,354953984.1,15341902,568568,115681,23.13624374,624.2946913,3068.386201,2014,8489494322.2300005,5709849
Novopen Echo,Insulin Admin. Supplies,Novo Nordisk,8782.7,158,156,145,55.58670886,56.29935897,60.57034483,2014,8489494322.2300005,5709849
Prodigy Insulin Syringe,"Syringe And Needle,Insulin,1ml",Prodigy Diabete,10983.18,80005,750,310,0.13728117,14.64424,35.4296129,2014,8489494322.2300005,5709849
Prodigy Insulin Syringe,"Syringe-Needle,Insulin,0.5 Ml",Prodigy Diabete,16331.87,118310,1156,470,0.138043023,14.12791523,34.74865957,2014,8489494322.2300005,5709849
Safetyglide Insulin Syringe,"Syringe-Needle,Insulin,0.5 Ml",Bd Medical Surg,76343.99,184658,1717,533,0.413434511,44.46359348,143.2345028,2014,8489494322.2300005,5709849
Sure Comfort,"Syringe And Needle,Insulin,1ml",Allison Medical,2602784.1,9821761,103948,30899,0.265179974,25.03928984,84.23522121,2014,8489494322.2300005,5709849
Sure Comfort,"Syringe-Needle,Insulin,0.5 Ml",Allison Medical,3571451.08,13110737.6,146825,40989,0.272568229,24.32454337,87.13193979,2014,8489494322.2300005,5709849
Sure-Ject Insulin Syringe,"Syringe And Needle,Insulin,1ml",One Pharmaceuti,3669.82,14260,186,261,0.257350631,19.73021505,14.06061303,2014,8489494322.2300005,5709849
Sure-Ject Insulin Syringe,"Syringe-Needle,Insulin,0.5 Ml",One Pharmaceuti,7265.13,31266,440,159,0.232365189,16.51165909,45.69264151,2014,8489494322.2300005,5709849
Terumo Insulin Syringe,"Syringe-Needle,Insulin,0.5 Ml",Terumo,9586.47,49572,687,287,0.193384774,13.9541048,33.4023345,2014,8489494322.2300005,5709849
Topcare Ultra Comfort,"Syringe And Needle,Insulin,1ml",Perrigo Diabete,5885.02,37766,327,276,0.156090183,17.99700306,21.32253623,2014,8489494322.2300005,5709849
Trueplus Insulin Syringe,"Syringe And Needle,Insulin,1ml",Nipro Diag/Triv,266272.08,1424613,12902,5218,0.187549403,20.63804681,51.02952856,2014,8489494322.2300005,5709849
Trueplus Insulin Syringe,"Syringe-Needle,Insulin,0.5 Ml",Nipro Diag/Triv,386596.95,2327648,21414,8032,0.168166651,18.05346736,48.13209039,2014,8489494322.2300005,5709849
Ulticare,"Syr,Ndl,Insulin,1ml-Sharps Bin",Ultimed Inc,13139.48,44804,424,162,0.292767975,30.98933962,81.10790124,2014,8489494322.2300005,5709849
Ulticare,"Syringe And Needle,Insulin,1ml",Ultimed Inc,464678.43,1878141,17360,6137,0.24675956,26.76719067,75.71752159,2014,8489494322.2300005,5709849
Ulticare,"Syringe-Needle,Insulin,0.5 Ml",Ultimed Inc,445463.95,1790127,17128,5910,0.247818471,26.0079373,75.37461083,2014,8489494322.2300005,5709849
Ultilet Insulin Syringe,"Syringe And Needle,Insulin,1ml",Boca Medical,10956.6,44773,717,221,0.244910711,15.28117155,49.57737557,2014,8489494322.2300005,5709849
Ultra Comfort,"Syringe And Needle,Insulin,1ml",Can-Am/Access C,358234.81,1744403,15233,5311,0.205363152,23.51702291,67.45147995,2014,8489494322.2300005,5709849
Ultra Comfort,"Syringe And Needle,Insulin,1ml",Good Neighbor,5292.65,30600,343,119,0.172962418,15.43046647,44.47605042,2014,8489494322.2300005,5709849
Ultra Comfort,"Syringe And Needle,Insulin,1ml",Perrigo Diabete,704043.8,5026738,47309,16004,0.140395448,14.8818153,43.99173957,2014,8489494322.2300005,5709849
Ultra Comfort,"Syringe-Needle,Insulin,0.5 Ml",Can-Am/Access C,290942.41,1394612,12909,4432,0.208655122,22.53795104,65.64585063,2014,8489494322.2300005,5709849
Ultra Comfort,"Syringe-Needle,Insulin,0.5 Ml",Good Neighbor,4559.34,27045,298,116,0.168583472,15.29979866,39.30465517,2014,8489494322.2300005,5709849
Ultra Comfort,"Syringe-Needle,Insulin,0.5 Ml",Perrigo Diabete,616006.26,4241272,41244,14083,0.145392431,14.93565755,43.74112476,2014,8489494322.2300005,5709849
Ultra Comfort,"Syringe-Needle,Insulin,0.5 Ml",Rugby,44904.18,216565,2463,740,0.207347355,18.23149817,60.68132432,2014,8489494322.2300005,5709849
Ultra-Thin II,"Syringe And Needle,Insulin,1ml",Delta Hi-Tech,54373.55,201852,1874,626,0.269257312,29.01470117,86.85870607,2014,8489494322.2300005,5709849
Ultra-Thin II,"Syringe-Needle,Insulin,0.5 Ml",Delta Hi-Tech,81843.58,291191,3113,1007,0.281399131,26.29090267,81.2746574,2014,8489494322.2300005,5709849
Vanishpoint,"Syringe And Needle,Insulin,1ml",Retractable Tec,166313.04,242245,2357,634,0.686548907,70.56132372,262.3234069,2014,8489494322.2300005,5709849
Vgo 20,"Sub-Q Insulin Device, 20 Unit","Valeritas, Inc.",2143491.18,268773,7925,2072,7.975098615,270.4720732,1034.503465,2014,8489494322.2300005,5709849
Vgo 30,"Sub-Q Insulin Device, 30 Unit","Valeritas, Inc.",2095279.75,262533,7790,2141,7.981014768,268.9704429,978.645376,2014,8489494322.2300005,5709849
Vgo 40,"Sub-Q Insulin Device, 40 Unit","Valeritas, Inc.",3280451.7,411689,11944,2708,7.968276296,274.6526875,1211.392799,2014,8489494322.2300005,5709849
Advocate Syringes,"Syringe And Needle,Insulin,1ml",Diabetic Supply,101125.46,241603,2260,776,0.418919893,44.74577876,130.3163144,2015,11201424480.88,6052661
Advocate Syringes,"Syringe-Needle,Insulin,0.5 Ml",Diabetic Supply,108176.02,260397,2649,843,0.415306671,40.83654964,128.3226809,2015,11201424480.88,6052661
Apidra,Insulin Glulisine,Sanofi-Aventis,20316520.13,961028,38755,9414,21.14040395,524.2296511,2158.117711,2015,11201424480.88,6052661
Apidra Solostar,Insulin Glulisine,Sanofi-Aventis,37630309.1,1384416,60923,17661,27.18135958,617.6699949,2130.700929,2015,11201424480.88,6052661
Bd Insulin Syringe Micro-Fine,"Syringe-Needle,Insulin,0.5 Ml",Becton Dickinso,8073.89,30031,442,141,0.268851853,18.26671946,57.26163121,2015,11201424480.88,6052661
Bd Insulin Syringe Ult-Fine II,"Syringe And Needle,Insulin,1ml",Becton Dickinso,14406.21,56566,566,282,0.254679666,25.45266785,51.08585106,2015,11201424480.88,6052661
Bd Insulin Syringe Ult-Fine II,"Syringe-Needle,Insulin,0.5 Ml",Becton Dickinso,26902.62,103790,804,749,0.259202428,33.46097015,35.91805073,2015,11201424480.88,6052661
Comfort Ez,"Syringe And Needle,Insulin,1ml",Simple Diagnost,570467.2,1270400,7296,3776,0.451508562,78.18903509,151.0771186,2015,11201424480.88,6052661
Comfort Ez,"Syringe-Needle,Insulin,0.5 Ml",Simple Diagnost,540059.12,1195334,8485,3519,0.454201988,63.64868827,153.4694857,2015,11201424480.88,6052661
Easy Comfort Insulin Syringe,"Syringe And Needle,Insulin,1ml",Home Aide Diagn,227305.23,494320,4750,1414,0.459840375,47.85373263,160.7533451,2015,11201424480.88,6052661
Easy Comfort Insulin Syringe,"Syringe-Needle,Insulin,0.5 Ml",Home Aide Diagn,361071.28,778683,8049,2281,0.46368284,44.85914772,158.2951688,2015,11201424480.88,6052661
Easy Touch,"Syringe And Needle,Insulin,1ml",Mhc Medical Pro,448943.35,2192266.344,20437,6924,0.205703894,21.96718452,64.83872761,2015,11201424480.88,6052661
Easy Touch,"Syringe-Needle,Insulin,0.5 Ml",Mhc Medical Pro,1191657.2,5679777,55301,17485,0.209822171,21.54856513,68.1531141,2015,11201424480.88,6052661
Easy Touch Insulin Syringe,"Syringe And Needle,Insulin,1ml",Mhc Medical Pro,90644.55,414836,3954,1318,0.218406627,22.92477238,68.77431715,2015,11201424480.88,6052661
Easy Touch Insulin Syringe,"Syringe-Needle,Insulin,0.5 Ml",Mhc Medical Pro,68953.83,324308,3155,1127,0.212677557,21.85541363,61.18352263,2015,11201424480.88,6052661
Easy-Touch Insulin Syringe,"Syringe And Needle,Insulin,1ml",Mhc Medical Pro,688760.2,3226610,29952,9799,0.213462489,22.99546608,70.28882539,2015,11201424480.88,6052661
Easy-Touch Insulin Syringe,"Syringe And Needle,Insulin,1ml",Rugby,1729.58,8336,84,42,0.207483205,20.5902381,41.18047619,2015,11201424480.88,6052661
Humalog,Insulin Lispro,Eli Lilly & Co.,500794282.3,23783119.55,1251572,295212,21.05389461,400.1322195,1696.388637,2015,11201424480.88,6052661
Humalog Kwikpen U-100,Insulin Lispro,Eli Lilly & Co.,700094998.6,25674177,1180550,335398,27.26844948,593.0244366,2087.355913,2015,11201424480.88,6052661
Humalog Kwikpen U-200,Insulin Lispro,Eli Lilly & Co.,4442692.07,76645,4020,2465,57.96453872,1105.147281,1802.309156,2015,11201424480.88,6052661
Humalog Mix 50-50,Insulin Lispro Protamin/Lispro,Eli Lilly & Co.,19268823.48,852398,25773,4829,22.60543019,747.6360331,3990.230582,2015,11201424480.88,6052661
Humalog Mix 50-50 Kwikpen,Insulin Lispro Protamin/Lispro,Eli Lilly & Co.,30787721.82,1120107,34143,7501,27.48641141,901.7286653,4104.482312,2015,11201424480.88,6052661
Humalog Mix 75-25,Insulin Lispro Protamin/Lispro,Eli Lilly & Co.,131065150.2,5864087.455,220721,41784,22.35047673,593.804623,3136.730571,2015,11201424480.88,6052661
Humalog Mix 75-25 Kwikpen,Insulin Lispro Protamin/Lispro,Eli Lilly & Co.,225534896.7,8250262,300711,64353,27.33669509,750.005476,3504.652413,2015,11201424480.88,6052661
Humapen Luxura Hd,Insulin Admin. Supplies,Eli Lilly & Co.,9156.81,193,175,150,47.4446114,52.32462857,61.0454,2015,11201424480.88,6052661
Humulin 70-30,Insulin NPh Hum/Reg Insulin Hm,Eli Lilly & Co.,173852145.4,16289843.64,573902,108436,10.67242567,302.9300219,1603.269628,2015,11201424480.88,6052661
Humulin 70/30 Kwikpen,Insulin NPh Hum/Reg Insulin Hm,Eli Lilly & Co.,74734723.98,3139084,119266,26054,23.80781272,626.6222057,2868.454901,2015,11201424480.88,6052661
Humulin N,Insulin NPh Human Isophane,Eli Lilly & Co.,134011166.5,18562841.5,621867,144222,7.219323966,215.4981154,929.2005833,2015,11201424480.88,6052661
Humulin N Kwikpen,Insulin NPh Human Isophane,Eli Lilly & Co.,45644229.4,2117078,88293,23668,21.56001309,516.9631726,1928.520762,2015,11201424480.88,6052661
Humulin R,"Insulin Regular, Human",Eli Lilly & Co.,67512760.15,7815300.61,424912,117716,8.638536573,158.8864521,573.5223772,2015,11201424480.88,6052661
Humulin R U-500,"Insulin Regular, Human",Eli Lilly & Co.,158942096.9,2771101.989,97199,19527,57.35700004,1635.223581,8139.606539,2015,11201424480.88,6052661
Insulin Syringe,"Syringe And Needle,Insulin,1ml",American Sales,8915.14,59477,500,272,0.149892281,17.83028,32.77625,2015,11201424480.88,6052661
Insulin Syringe,"Syringe And Needle,Insulin,1ml",Bd Diabetes,23392823.62,93187082,754205,245698,0.253092468,31.01653214,95.20966235,2015,11201424480.88,6052661
Insulin Syringe,"Syringe And Needle,Insulin,1ml",Bd Medical Surg,158588.64,366835,4015,1586,0.432316,39.49903861,99.99283733,2015,11201424480.88,6052661
Insulin Syringe,"Syringe And Needle,Insulin,1ml",Becton Dickinso,5874.13,25443,347,142,0.229485656,16.92832853,41.36711268,2015,11201424480.88,6052661
Insulin Syringe,"Syringe And Needle,Insulin,1ml",Boca Medical,5728.35,21644,319,104,0.264662262,17.95721003,55.08028846,2015,11201424480.88,6052661
Insulin Syringe,"Syringe And Needle,Insulin,1ml",Chain Drug Cons,10694.73,108028,1123,419,0.099829784,9.523357079,25.52441527,2015,11201424480.88,6052661
Insulin Syringe,"Syringe And Needle,Insulin,1ml",Equaline Vitami,42595.84,240740,2592,1033,0.177901955,16.43358025,41.23508229,2015,11201424480.88,6052661
Insulin Syringe,"Syringe And Needle,Insulin,1ml",Global Diabetic,365666.23,951022,9559,2860,0.384809753,38.25360707,127.8553252,2015,11201424480.88,6052661
Insulin Syringe,"Syringe And Needle,Insulin,1ml",Good Neighbor,8733.29,52119,590,220,0.16756442,14.80218644,39.69677273,2015,11201424480.88,6052661
Insulin Syringe,"Syringe And Needle,Insulin,1ml",Leader,14065.19,22900,340,119,0.614200437,41.36820588,118.194874,2015,11201424480.88,6052661
Insulin Syringe,"Syringe And Needle,Insulin,1ml",Perrigo Diabete,221813.21,1731358,15725,7112,0.128382331,14.10576852,31.18858408,2015,11201424480.88,6052661
Insulin Syringe,"Syringe And Needle,Insulin,1ml",Rite Aid-Bd,21198.96,125520,1280,464,0.168889101,16.5616875,45.68741379,2015,11201424480.88,6052661
Insulin Syringe,"Syringe And Needle,Insulin,1ml",Rugby,74256.84,361364,4354,1362,0.20549042,17.05485531,54.52044053,2015,11201424480.88,6052661
Insulin Syringe,"Syringe And Needle,Insulin,1ml",Specialty Med,78157.08,195840,2375,924,0.398991742,32.90824421,84.58558442,2015,11201424480.88,6052661
Insulin Syringe,"Syringe And Needle,Insulin,1ml",Ultimed Inc,1754005.45,7364207,68141,23523,0.238363297,25.74082344,74.56555074,2015,11201424480.88,6052661
Insulin Syringe,"Syringe And Needle,Insulin,1ml",Wal-Mart Stores,1476994.03,11736445,96213,37066,0.125846604,15.3512938,39.84767793,2015,11201424480.88,6052661
Insulin Syringe,"Syringe And Needle,Insulin,1ml",Walgreen Co.,3135572.97,19360329,163373,63001,0.16198748600000001,19.19272444,49.77020952,2015,11201424480.88,6052661
Insulin Syringe,"Syringe-Needle,Insulin,0.5 Ml",American Sales,7721.48,51580,438,249,0.149704007,17.62894977,31.00995984,2015,11201424480.88,6052661
Insulin Syringe,"Syringe-Needle,Insulin,0.5 Ml",Bd Diabetes,24740306.63,101243941.7,797357,250427,0.245189545,31.02789169,98.79248895,2015,11201424480.88,6052661
Insulin Syringe,"Syringe-Needle,Insulin,0.5 Ml",Chain Drug Cons,4498.61,53090,516,219,0.082718637,8.718236434,20.54159817,2015,11201424480.88,6052661
Insulin Syringe,"Syringe-Needle,Insulin,0.5 Ml",Equaline Vitami,21307.41,106577,1213,966,0.200349909,17.56587799,22.05736025,2015,11201424480.88,6052661
Insulin Syringe,"Syringe-Needle,Insulin,0.5 Ml",Global Diabetic,402296.18,1036709,11012,3447,0.388365174,36.53252634,116.7090746,2015,11201424480.88,6052661
Insulin Syringe,"Syringe-Needle,Insulin,0.5 Ml",Good Neighbor,12862.03,76818,814,268,0.167435106,15.80101966,47.99264925,2015,11201424480.88,6052661
Insulin Syringe,"Syringe-Needle,Insulin,0.5 Ml",Perrigo Diabete,174988.7,1315001,12599,5474,0.133211865,13.88909437,31.96724516,2015,11201424480.88,6052661
Insulin Syringe,"Syringe-Needle,Insulin,0.5 Ml",Rite Aid-Bd,24897.08,147386,1463,507,0.16892938,17.01782638,49.10666667,2015,11201424480.88,6052661
Insulin Syringe,"Syringe-Needle,Insulin,0.5 Ml",Specialty Med,28142.21,75062,865,421,0.378465746,32.53434682,66.84610451,2015,11201424480.88,6052661
Insulin Syringe,"Syringe-Needle,Insulin,0.5 Ml",Ultimed Inc,1815908.84,7498557,73742,24130,0.242179644,24.62516395,75.25523581,2015,11201424480.88,6052661
Insulin Syringe,"Syringe-Needle,Insulin,0.5 Ml",Wal-Mart Stores,1313669.39,10439468,86187,32897,0.125836771,15.2420828,39.93280208,2015,11201424480.88,6052661
Insulin Syringe,"Syringe-Needle,Insulin,0.5 Ml",Walgreen Co.,2952180.2,18966997,159599,58997,0.15587012,18.49748557,50.03949692,2015,11201424480.88,6052661
Integra Syringe,"Syringe And Needle,Insulin,1ml",Bd Medical Surg,2823.66,5400,72,30,0.5229,39.2175,94.122,2015,11201424480.88,6052661
Lantus,"Insulin Glargine,Hum.Rec.Anlog",Sanofi-Aventis,1876168995,75067073.36,3993659,733920,24.99323486,469.7869786,2556.367172,2015,11201424480.88,6052661
Lantus Solostar,"Insulin Glargine,Hum.Rec.Anlog",Sanofi-Aventis,2483335172,100568923.9,4861671,1041387,24.6928681,510.7986888,2384.641994,2015,11201424480.88,6052661
Levemir,Insulin Detemir,Novo Nordisk,536800452.7,20604516.61,1142892,221846,26.0525623,469.6860706,2419.698587,2015,11201424480.88,6052661
Levemir Flextouch,Insulin Detemir,Novo Nordisk,1257110122,49199724.95,2328543,497450,25.55116158,539.8698335,2527.108497,2015,11201424480.88,6052661
Lite Touch,"Syringe And Needle,Insulin,1ml",Medicore,276810.18,801957,5620,2139,0.338695147,49.25448043,129.4110238,2015,11201424480.88,6052661
Lite Touch,"Syringe-Needle,Insulin,0.5 Ml",Medicore,222618.59,661924,5200,1782,0.33179653,42.81126731,124.926257,2015,11201424480.88,6052661
Maxi-Comfort,"Syringe And Needle,Insulin,1ml",Delta Hi-Tech,4617.52,18884,217,89,0.244520229,21.27889401,51.88224719,2015,11201424480.88,6052661
Maxi-Comfort,"Syringe-Needle,Insulin,0.5 Ml",Delta Hi-Tech,2097.95,8110,73,31,0.258686806,28.7390411,67.67580645,2015,11201424480.88,6052661
Monoject,"Syringe-Needle,Insulin,0.5 Ml",Covidien/Kendal,1071.88,9199,115,56,0.116521361,9.320695652,19.14071429,2015,11201424480.88,6052661
Monoject Insulin Syringe,"Syringe And Needle,Insulin,1ml",Can-Am/Access C,113942.08,583839,5248,2209,0.195160104,21.71152439,51.58084201,2015,11201424480.88,6052661
Monoject Insulin Syringe,"Syringe And Needle,Insulin,1ml",Sherwood,119970.63,852930,9765,3338,0.137660541,12.2857788,35.94087178,2015,11201424480.88,6052661
Monoject Insulin Syringe,"Syringe-Needle,Insulin,0.5 Ml",Can-Am/Access C,91821.44,418362,4073,1722,0.219478442,22.54393322,53.32255517,2015,11201424480.88,6052661
Monoject Insulin Syringe,"Syringe-Needle,Insulin,0.5 Ml",Sherwood,1108585.07,3167676.7,33041,8228,0.349412316,33.5518014,134.7332365,2015,11201424480.88,6052661
Novolin 70-30,Insulin NPh Hum/Reg Insulin Hm,Novo Nordisk,137624300,11789643.25,459776,87267,11.67332184,299.3290211,1577.048598,2015,11201424480.88,6052661
Novolin 70-30,Insulin NPh Hum/Reg Insulin Hm,Novo Nordisk-Wa,16937659.81,6215027,187359,39743,2.725275338,90.40216808,426.1796998,2015,11201424480.88,6052661
Novolin N,Insulin NPh Human Isophane,Novo Nordisk,70243097.48,6012525.14,272032,56326,11.68279481,258.2163035,1247.081232,2015,11201424480.88,6052661
Novolin N,Insulin NPh Human Isophane,Novo Nordisk-Wa,9348380.1,3572872,129700,29941,2.616488948,72.07694757,312.2267159,2015,11201424480.88,6052661
Novolin R,"Insulin Regular, Human",Novo Nordisk,58834660.82,4854807.696,351555,84664,12.11884476,167.3554944,694.919456,2015,11201424480.88,6052661
Novolin R,"Insulin Regular, Human",Novo Nordisk-Wa,5286005.76,1891328.714,77631,22221,2.79486359,68.09142946,237.8833428,2015,11201424480.88,6052661
Novolog,Insulin Aspart,Novo Nordisk,596621211,27117994.37,1447455,320185,21.99411271,412.1863622,1863.364027,2015,11201424480.88,6052661
Novolog Flexpen,Insulin Aspart,Novo Nordisk,1089595668,39005842.12,1941529,500994,27.93416599,561.2049411,2174.867699,2015,11201424480.88,6052661
Novolog Mix 70-30,Insulin Aspart Prot/Insuln Asp,Novo Nordisk,177634944.9,7881635,311146,58842,22.53782939,570.9054429,3018.846146,2015,11201424480.88,6052661
Novolog Mix 70-30 Flexpen,Insulin Aspart Prot/Insuln Asp,Novo Nordisk,413880184.2,14907300.8,550915,111644,27.76358978,751.259603,3707.142204,2015,11201424480.88,6052661
Novopen Echo,Insulin Admin. Supplies,Novo Nordisk,12077.33,220,209,184,54.89695455,57.78626794,65.63766304,2015,11201424480.88,6052661
Prodigy Insulin Syringe,"Syringe And Needle,Insulin,1ml",Prodigy Diabete,7773.4,59032,581,227,0.131681122,13.37934596,34.24405286,2015,11201424480.88,6052661
Prodigy Insulin Syringe,"Syringe-Needle,Insulin,0.5 Ml",Prodigy Diabete,11365.79,82610,745,346,0.137583707,15.25609396,32.84910405,2015,11201424480.88,6052661
Safetyglide Insulin Syringe,"Syringe-Needle,Insulin,0.5 Ml",Bd Medical Surg,70379.06,168425,1647,601,0.417865875,42.7316697,117.1032612,2015,11201424480.88,6052661
Sure Comfort,"Syringe And Needle,Insulin,1ml",Allison Medical,2621309.83,10044116.02,103871,31105,0.261045417,25.23620481,84.27294101,2015,11201424480.88,6052661
Sure Comfort,"Syringe-Needle,Insulin,0.5 Ml",Allison Medical,3400264.25,12559047.6,137506,38637,0.270834532,24.7281155,88.00538991,2015,11201424480.88,6052661
Sure-Ject Insulin Syringe,"Syringe And Needle,Insulin,1ml",One Pharmaceuti,2367.73,8808,130,203,0.268815849,18.21330769,11.66369458,2015,11201424480.88,6052661
Sure-Ject Insulin Syringe,"Syringe-Needle,Insulin,0.5 Ml",One Pharmaceuti,4522.42,18100,247,84,0.249857459,18.30939271,53.83833333,2015,11201424480.88,6052661
Terumo Insulin Syringe,"Syringe-Needle,Insulin,0.5 Ml",Terumo,7718.84,40145,633,254,0.192274007,12.19406003,30.38913386,2015,11201424480.88,6052661
Topcare Ultra Comfort,"Syringe And Needle,Insulin,1ml",Perrigo Diabete,3355.64,21732,198,202,0.154338746,16.94767677,16.61207921,2015,11201424480.88,6052661
Toujeo Solostar,"Insulin Glargine,Hum.Rec.Anlog",Sanofi-Aventis,56896733.58,766769.55,99137,43006,74.20317301,573.9202677,1322.995247,2015,11201424480.88,6052661
Tresiba Flextouch U-100,Insulin Degludec,Novo Nordisk,48103.83,1680,76,73,28.63323214,632.9451316,658.9565753,2015,11201424480.88,6052661
Tresiba Flextouch U-200,Insulin Degludec,Novo Nordisk,132371.69,2268,111,97,58.36494268,1192.537748,1364.656598,2015,11201424480.88,6052661
Trueplus Insulin Syringe,"Syringe And Needle,Insulin,1ml",Nipro Diag/Triv,712757.11,3596519,32410,11889,0.198233861,21.99188862,59.95097233,2015,11201424480.88,6052661
Trueplus Insulin Syringe,"Syringe-Needle,Insulin,0.5 Ml",Nipro Diag/Triv,877021.34,4587195,44613,15437,0.191786347,19.65842557,56.81293904,2015,11201424480.88,6052661
Ulticare,"Syr,Ndl,Insulin,1ml-Sharps Bin",Ultimed Inc,11517.62,37852,366,156,0.304597182,31.4689071,73.83089744,2015,11201424480.88,6052661
Ulticare,"Syringe And Needle,Insulin,1ml",Ultimed Inc,498493.02,1994610,17684,6362,0.249041056,28.18892898,78.3547658,2015,11201424480.88,6052661
Ulticare,"Syringe-Needle,Insulin,0.5 Ml",Ultimed Inc,454716.17,1812159,16735,5740,0.250084583,27.17156678,79.21884495,2015,11201424480.88,6052661
Ultilet Insulin Syringe,"Syringe And Needle,Insulin,1ml",Boca Medical,8238.44,34421,515,169,0.239344323,15.99697087,48.74816568,2015,11201424480.88,6052661
Ultra Comfort,"Syringe And Needle,Insulin,1ml",Can-Am/Access C,315182.37,1477932,12144,4829,0.213372859,25.95375247,65.26866225,2015,11201424480.88,6052661
Ultra Comfort,"Syringe And Needle,Insulin,1ml",Good Neighbor,3107.59,19355,195,83,0.160557479,15.93635897,37.44084337,2015,11201424480.88,6052661
Ultra Comfort,"Syringe And Needle,Insulin,1ml",Perrigo Diabete,339331.76,2577663,24898,10477,0.132102862,13.62887622,32.38825618,2015,11201424480.88,6052661
Ultra Comfort,"Syringe-Needle,Insulin,0.5 Ml",Can-Am/Access C,239806.38,1118596,10001,3829,0.214429063,23.97824018,62.62898407,2015,11201424480.88,6052661
Ultra Comfort,"Syringe-Needle,Insulin,0.5 Ml",Good Neighbor,2620.91,16563,184,88,0.158238846,14.24407609,29.78306818,2015,11201424480.88,6052661
Ultra Comfort,"Syringe-Needle,Insulin,0.5 Ml",Perrigo Diabete,311213.88,2290024,22196,8736,0.136225901,14.02116958,35.62429945,2015,11201424480.88,6052661
Ultra Comfort,"Syringe-Needle,Insulin,0.5 Ml",Rugby,30462.13,149368,1750,542,0.203940134,17.40693143,56.20319188,2015,11201424480.88,6052661
Ultra-Thin II,"Syringe And Needle,Insulin,1ml",Delta Hi-Tech,55808.88,203892,1888,667,0.273561734,29.55978814,83.67148426,2015,11201424480.88,6052661
Ultra-Thin II,"Syringe-Needle,Insulin,0.5 Ml",Delta Hi-Tech,80584.16,289491,2992,1023,0.278286699,26.93320856,78.77239492,2015,11201424480.88,6052661
Vanishpoint,"Syringe And Needle,Insulin,1ml",Retractable Tec,124266.93,189619,1879,413,0.655350624,66.13460883,300.8884504,2015,11201424480.88,6052661
Vgo 20,"Sub-Q Insulin Device, 20 Unit","Valeritas, Inc.",3108863.91,352867,10171,2410,8.810299376,305.6596116,1289.985025,2015,11201424480.88,6052661
Vgo 30,"Sub-Q Insulin Device, 30 Unit","Valeritas, Inc.",3235168.21,367766,10698,2551,8.796811587,302.4086942,1268.196084,2015,11201424480.88,6052661
Vgo 40,"Sub-Q Insulin Device, 40 Unit","Valeritas, Inc.",5067352.17,574989,16277,3414,8.812954978,311.3197868,1484.285932,2015,11201424480.88,6052661
Advocate Syringes,"Syringe And Needle,Insulin,1ml",Diabetic Supply,142271.9,308281,3213,952,0.462038261,44.28008092,149.4452731,2016,12328257919.24,6191921
Advocate Syringes,"Syringe-Needle,Insulin,0.5 Ml",Diabetic Supply,137847.29,303950,3442,1007,0.453788678,40.04860256,136.8890665,2016,12328257919.24,6191921
Apidra,Insulin Glulisine,Sanofi-Aventis,13657430.07,570590,21468,5796,23.93562816,636.1761724,2356.354394,2016,12328257919.24,6191921
Apidra Solostar,Insulin Glulisine,Sanofi-Aventis,26595241.64,863216,36626,11586,30.80948643,726.1301163,2295.463632,2016,12328257919.24,6191921
Bd Insulin Syringe Micro-Fine,"Syringe-Needle,Insulin,0.5 Ml",Becton Dickinso,4014.99,15273,246,99,0.262881556,16.32109756,40.55545455,2016,12328257919.24,6191921
Bd Insulin Syringe Ult-Fine II,"Syringe And Needle,Insulin,1ml",Becton Dickinso,43649.52,163737,1527,854,0.266583118,28.58514735,51.11185012,2016,12328257919.24,6191921
Bd Insulin Syringe Ult-Fine II,"Syringe-Needle,Insulin,0.5 Ml",Becton Dickinso,65928.75,248157,2144,1409,0.265673545,30.75034981,46.79116395,2016,12328257919.24,6191921
Comfort Ez,"Syringe And Needle,Insulin,1ml",Simple Diagnost,717194.79,1396507,8510,3708,0.513709435,84.27670858,193.4182282,2016,12328257919.24,6191921
Comfort Ez,"Syringe-Needle,Insulin,0.5 Ml",Simple Diagnost,627336.26,1221192,9951,3426,0.513548376,63.04253442,183.1104086,2016,12328257919.24,6191921
Easy Comfort Insulin Syringe,"Syringe And Needle,Insulin,1ml",Home Aide Diagn,503929.97,1041110,9951,2224,0.483932277,50.64113858,226.5872167,2016,12328257919.24,6191921
Easy Comfort Insulin Syringe,"Syringe-Needle,Insulin,0.5 Ml",Home Aide Diagn,784101.88,1617885,16083,3364,0.484247949,48.75345893,233.0861712,2016,12328257919.24,6191921
Easy Touch,"Syringe And Needle,Insulin,1ml",Mhc Medical Pro,440322.43,2144137.656,20519,6793,0.206395733,21.45925386,64.82002503,2016,12328257919.24,6191921
Easy Touch,"Syringe-Needle,Insulin,0.5 Ml",Mhc Medical Pro,1132066.83,5442172.56,52336,16671,0.208106425,21.63074805,67.90635415,2016,12328257919.24,6191921
Easy Touch Insulin Syringe,"Syringe And Needle,Insulin,1ml",Mhc Medical Pro,92691.24,435108,4142,1492,0.212974433,22.3783776,62.12549598,2016,12328257919.24,6191921
Easy Touch Insulin Syringe,"Syringe-Needle,Insulin,0.5 Ml",Mhc Medical Pro,74606.49,356879,3423,1212,0.209496408,21.79564417,61.5565099,2016,12328257919.24,6191921
Easy-Touch Insulin Syringe,"Syringe And Needle,Insulin,1ml",Mhc Medical Pro,686709.04,3264628,29813,9519,0.210348328,23.03387918,72.14088035,2016,12328257919.24,6191921
Easy-Touch Insulin Syringe,"Syringe And Needle,Insulin,1ml",Rugby,3905.98,18480,225,89,0.211362554,17.35991111,43.88741573,2016,12328257919.24,6191921
Humalog,Insulin Lispro,Eli Lilly & Co.,624459458.1,26303280.24,1381213,321230,23.73803464,452.109456,1943.963696,2016,12328257919.24,6191921
Humalog Kwikpen U-100,Insulin Lispro,Eli Lilly & Co.,1029433600,33458399.7,1557195,434561,30.76756835,661.0820094,2368.90471,2016,12328257919.24,6191921
Humalog Kwikpen U-200,Insulin Lispro,Eli Lilly & Co.,57074758.13,911167,55104,17573,62.63918484,1035.764339,3247.866507,2016,12328257919.24,6191921
Humalog Mix 50-50,Insulin Lispro Protamin/Lispro,Eli Lilly & Co.,18952437.5,742868,22969,4226,25.51252376,825.131155,4484.722551,2016,12328257919.24,6191921
Humalog Mix 50-50 Kwikpen,Insulin Lispro Protamin/Lispro,Eli Lilly & Co.,32270538.37,1039074,31653,7044,31.05701651,1019.509632,4581.280291,2016,12328257919.24,6191921
Humalog Mix 75-25,Insulin Lispro Protamin/Lispro,Eli Lilly & Co.,154010455.9,6105491,229628,43460,25.22490917,670.6954548,3543.728852,2016,12328257919.24,6191921
Humalog Mix 75-25 Kwikpen,Insulin Lispro Protamin/Lispro,Eli Lilly & Co.,313511528.1,10155207,368586,78009,30.871997790000002,850.5790455,4018.914844,2016,12328257919.24,6191921
Humapen Luxura Hd,Insulin Admin. Supplies,Eli Lilly & Co.,13109.95,290,264,234,45.20672414,49.65890152,56.02542735,2016,12328257919.24,6191921
Humulin 70-30,Insulin NPh Hum/Reg Insulin Hm,Eli Lilly & Co.,196698472.6,16421814,574561,109183,11.97787726,342.3456736,1801.548525,2016,12328257919.24,6191921
Humulin 70/30 Kwikpen,Insulin NPh Hum/Reg Insulin Hm,Eli Lilly & Co.,89453387.93,3412291,129455,28257,26.21505256,690.9998681,3165.707185,2016,12328257919.24,6191921
Humulin N,Insulin NPh Human Isophane,Eli Lilly & Co.,150465421.8,19317087.25,634598,146378,7.789239644,237.1035235,1027.923744,2016,12328257919.24,6191921
Humulin N Kwikpen,Insulin NPh Human Isophane,Eli Lilly & Co.,52536612.32,2376658,99257,26743,22.10524708,529.2988134,1964.499582,2016,12328257919.24,6191921
Humulin R,"Insulin Regular, Human",Eli Lilly & Co.,76713534.15,8104170.489,426038,116614,9.465932911,180.0626567,657.8415469,2016,12328257919.24,6191921
Humulin R U-500,"Insulin Regular, Human",Eli Lilly & Co.,167415067.5,2617328,91109,18442,63.96411436,1837.525025,9077.923627,2016,12328257919.24,6191921
Insulin Syringe,"Syringe And Needle,Insulin,1ml",American Sales,16464.04,109766,952,431,0.149994903,17.29415966,38.19962877,2016,12328257919.24,6191921
Insulin Syringe,"Syringe And Needle,Insulin,1ml",Bd Diabetes,21304831.88,87018164.88,686370,230415,0.247945641,31.03986462,92.46286865,2016,12328257919.24,6191921
Insulin Syringe,"Syringe And Needle,Insulin,1ml",Bd Medical Surg,156797.05,362796,3961,1494,0.43219068,39.58521838,104.9511714,2016,12328257919.24,6191921
Insulin Syringe,"Syringe And Needle,Insulin,1ml",Becton Dickinso,20695.22,78832,835,106,0.258553118,24.78469461,195.2379245,2016,12328257919.24,6191921
Insulin Syringe,"Syringe And Needle,Insulin,1ml",Boca Medical,1929.89,7414,112,44,0.26030348,17.23116071,43.86113636,2016,12328257919.24,6191921
Insulin Syringe,"Syringe And Needle,Insulin,1ml",Chain Drug Cons,10920.6,102502,1159,365,0.107131918,9.422433132,29.91945206,2016,12328257919.24,6191921
Insulin Syringe,"Syringe And Needle,Insulin,1ml",Equaline Vitami,9320.58,47469,704,328,0.197483149,13.23946023,28.41640244,2016,12328257919.24,6191921
Insulin Syringe,"Syringe And Needle,Insulin,1ml",Global Diabetic,458664.06,1072265,10673,3250,0.427758505,42.97423967,141.1274031,2016,12328257919.24,6191921
Insulin Syringe,"Syringe And Needle,Insulin,1ml",Good Neighbor,3593.05,21920,232,71,0.163916515,15.48728448,50.60633803,2016,12328257919.24,6191921
Insulin Syringe,"Syringe And Needle,Insulin,1ml",Leader,11778.62,15850,219,84,0.743130599,53.78365297,140.2216667,2016,12328257919.24,6191921
Insulin Syringe,"Syringe And Needle,Insulin,1ml",Perrigo Diabete,363769.29,3014219,26545,9113,0.120789672,13.70387229,39.91762208,2016,12328257919.24,6191921
Insulin Syringe,"Syringe And Needle,Insulin,1ml",Rite Aid-Bd,17024.13,102383,1046,404,0.166278874,16.27545889,42.13893564,2016,12328257919.24,6191921
Insulin Syringe,"Syringe And Needle,Insulin,1ml",Rugby,57079.79,285759,3476,1204,0.199748004,16.42111335,47.40846346,2016,12328257919.24,6191921
Insulin Syringe,"Syringe And Needle,Insulin,1ml",Specialty Med,103508.25,183353,2175,824,0.563244623,47.59,125.6168083,2016,12328257919.24,6191921
Insulin Syringe,"Syringe And Needle,Insulin,1ml",Ultimed Inc,1710865.13,7138122,65857,22252,0.239970975,25.97848566,76.88590374,2016,12328257919.24,6191921
Insulin Syringe,"Syringe And Needle,Insulin,1ml",Wal-Mart Stores,1514785.87,12036506,96245,36780,0.12584883,15.73885262,41.18504269,2016,12328257919.24,6191921
Insulin Syringe,"Syringe And Needle,Insulin,1ml",Walgreen Co.,3275045.83,19689305,161661,62125,0.166474066,20.25872554,52.71703549,2016,12328257919.24,6191921
Insulin Syringe,"Syringe-Needle,Insulin,0.5 Ml",American Sales,15813.86,105410,836,383,0.150018176,18.91610048,41.2894517,2016,12328257919.24,6191921
Insulin Syringe,"Syringe-Needle,Insulin,0.5 Ml",Bd Diabetes,21707428.41,94129545,713141,230064,0.23244004,30.43918161,94.35386853,2016,12328257919.24,6191921
Insulin Syringe,"Syringe-Needle,Insulin,0.5 Ml",Chain Drug Cons,3889.56,42840,419,213,0.09084951,9.282959427,18.26084507,2016,12328257919.24,6191921
Insulin Syringe,"Syringe-Needle,Insulin,0.5 Ml",Equaline Vitami,8447.61,38036,580,259,0.222088897,14.56484483,32.61625483,2016,12328257919.24,6191921
Insulin Syringe,"Syringe-Needle,Insulin,0.5 Ml",Global Diabetic,487041.45,1132903,12118,3744,0.42981229,40.19157039,130.0858574,2016,12328257919.24,6191921
Insulin Syringe,"Syringe-Needle,Insulin,0.5 Ml",Good Neighbor,7515.72,44460,455,104,0.169044534,16.51806593,72.26653846,2016,12328257919.24,6191921
Insulin Syringe,"Syringe-Needle,Insulin,0.5 Ml",Perrigo Diabete,264305.7,2163794,19263,6591,0.122251007,13.72090017,40.10100137,2016,12328257919.24,6191921
Insulin Syringe,"Syringe-Needle,Insulin,0.5 Ml",Rite Aid-Bd,21144.82,127570,1214,431,0.165806533,17.41747941,49.05990719,2016,12328257919.24,6191921
Insulin Syringe,"Syringe-Needle,Insulin,0.5 Ml",Specialty Med,42748.3,73736,868,395,0.577552429,49.24919355,108.2235443,2016,12328257919.24,6191921
Insulin Syringe,"Syringe-Needle,Insulin,0.5 Ml",Ultimed Inc,1684643.05,6960940.2,67800,21913,0.242062406,24.84724263,76.87870442,2016,12328257919.24,6191921
Insulin Syringe,"Syringe-Needle,Insulin,0.5 Ml",Wal-Mart Stores,1329258.94,10555113,84966,32328,0.125936139,15.64459831,41.11788357,2016,12328257919.24,6191921
Insulin Syringe,"Syringe-Needle,Insulin,0.5 Ml",Walgreen Co.,3127243.31,19029550.11,154461,56590,0.16457838,20.24616771,55.26141209,2016,12328257919.24,6191921
Integra Syringe,"Syringe And Needle,Insulin,1ml",Bd Medical Surg,2213.57,4252,63,30,0.520595014,35.13603175,73.78566667,2016,12328257919.24,6191921
Lantus,"Insulin Glargine,Hum.Rec.Anlog",Sanofi-Aventis,1687996836,67839977.73,3597380,671493,24.882037,469.2295047,2513.796623,2016,12328257919.24,6191921
Lantus Solostar,"Insulin Glargine,Hum.Rec.Anlog",Sanofi-Aventis,2526426478,102691209.6,5029203,1075461,24.60216885,502.3512628,2349.15676,2016,12328257919.24,6191921
Levemir,Insulin Detemir,Novo Nordisk,530894562.9,19498764.59,1080163,209170,27.22708716,491.4948604,2538.100889,2016,12328257919.24,6191921
Levemir Flextouch,Insulin Detemir,Novo Nordisk,1419146165,52971096.22,2545577,525487,26.7909533,557.4948882,2700.630396,2016,12328257919.24,6191921
Lite Touch,"Syringe And Needle,Insulin,1ml",Medicore,146835.66,486083,3545,1182,0.30546217,41.42049647,124.2264467,2016,12328257919.24,6191921
Lite Touch,"Syringe-Needle,Insulin,0.5 Ml",Medicore,144045.23,469652,3636,1121,0.310129634,39.61639989,128.497083,2016,12328257919.24,6191921
Maxi-Comfort,"Syringe And Needle,Insulin,1ml",Delta Hi-Tech,3460.23,13840,201,104,0.250016619,17.21507463,33.27144231,2016,12328257919.24,6191921
Maxi-Comfort,"Syringe-Needle,Insulin,0.5 Ml",Delta Hi-Tech,2532.25,9820,81,29,0.257866599,31.26234568,87.31896552,2016,12328257919.24,6191921
Monoject,"Syringe-Needle,Insulin,0.5 Ml",Covidien/Kendal,1552.57,12396,168,59,0.125247661,9.241488095,26.31474576,2016,12328257919.24,6191921
Monoject Insulin Syringe,"Syringe And Needle,Insulin,1ml",Can-Am/Access C,91913.41,442731,3863,1539,0.207605544,23.79327207,59.72281352,2016,12328257919.24,6191921
Monoject Insulin Syringe,"Syringe And Needle,Insulin,1ml",Sherwood,94444.32,653243.5,7596,2541,0.139613997,12.43342812,37.16817001,2016,12328257919.24,6191921
Monoject Insulin Syringe,"Syringe-Needle,Insulin,0.5 Ml",Can-Am/Access C,80493.88,372280.667,3403,1292,0.216218265,23.65379959,62.30176471,2016,12328257919.24,6191921
Monoject Insulin Syringe,"Syringe-Needle,Insulin,0.5 Ml",Sherwood,947952.78,2614713.68,27678,6826,0.362466434,34.24932365,138.8738324,2016,12328257919.24,6191921
Novolin 70-30,Insulin NPh Hum/Reg Insulin Hm,Novo Nordisk,138654881.4,10430734.36,396107,79090,13.29291656,350.0440068,1753.127847,2016,12328257919.24,6191921
Novolin 70-30,Insulin NPh Hum/Reg Insulin Hm,Novo Nordisk-Wa,15173737.81,5364490,162211,36723,2.828551793,93.54321107,413.19439620000003,2016,12328257919.24,6191921
Novolin N,Insulin NPh Human Isophane,Novo Nordisk,70407964.98,5301229.184,237423,51438,13.28144144,296.5507343,1368.792818,2016,12328257919.24,6191921
Novolin N,Insulin NPh Human Isophane,Novo Nordisk-Wa,8181895.55,3067048,113139,27563,2.667677699,72.31719876,296.8434332,2016,12328257919.24,6191921
Novolin R,"Insulin Regular, Human",Novo Nordisk,57979730.57,4232395.07,296274,73899,13.69903556,195.6963168,784.5807192,2016,12328257919.24,6191921
Novolin R,"Insulin Regular, Human",Novo Nordisk-Wa,4887100.14,1671551.07,67963,20235,2.92369179,71.90824625,241.5171801,2016,12328257919.24,6191921
Novolog,Insulin Aspart,Novo Nordisk,579747933.6,23176987.21,1230313,283933,25.00816692,471.2198713,2041.847667,2016,12328257919.24,6191921
Novolog Flexpen,Insulin Aspart,Novo Nordisk,1163647229,36664820.98,1886285,486476,31.73743107,616.8989461,2391.993086,2016,12328257919.24,6191921
Novolog Mix 70-30,Insulin Aspart Prot/Insuln Asp,Novo Nordisk,152737804.6,5958954.4,233946,47253,25.63164514,652.8763245,3232.340901,2016,12328257919.24,6191921
Novolog Mix 70-30 Flexpen,Insulin Aspart Prot/Insuln Asp,Novo Nordisk,396687061,12585542,465200,97175,31.51926719,852.7236909,4082.19255,2016,12328257919.24,6191921
Novopen Echo,Insulin Admin. Supplies,Novo Nordisk,12159.51,225,183,167,54.04226667,66.44540984,72.81143713,2016,12328257919.24,6191921
Prodigy Insulin Syringe,"Syringe And Needle,Insulin,1ml",Prodigy Diabete,5727.6,44136,411,165,0.129771615,13.93576642,34.71272727,2016,12328257919.24,6191921
Prodigy Insulin Syringe,"Syringe-Needle,Insulin,0.5 Ml",Prodigy Diabete,7947.37,59880,517,217,0.13272161,15.37208898,36.62382489,2016,12328257919.24,6191921
Safetyglide Insulin Syringe,"Syringe-Needle,Insulin,0.5 Ml",Bd Medical Surg,71868.56,177752,1698,591,0.404319276,42.32541814,121.6050085,2016,12328257919.24,6191921
Sure Comfort,"Syringe And Needle,Insulin,1ml",Allison Medical,2486631.9,9531669.665,97188,29141,0.261116162,25.58579146,85.33104217,2016,12328257919.24,6191921
Sure Comfort,"Syringe-Needle,Insulin,0.5 Ml",Allison Medical,3060361.15,11382752,123163,35083,0.269044667,24.84805623,87.23202548,2016,12328257919.24,6191921
Sure-Ject Insulin Syringe,"Syringe And Needle,Insulin,1ml",One Pharmaceuti,1123.01,5470,77,120,0.205303474,14.58454546,9.358416667,2016,12328257919.24,6191921
Sure-Ject Insulin Syringe,"Syringe-Needle,Insulin,0.5 Ml",One Pharmaceuti,3421.25,12566,164,65,0.272262454,20.86128049,52.63461539,2016,12328257919.24,6191921
Terumo Insulin Syringe,"Syringe-Needle,Insulin,0.5 Ml",Terumo,4607.19,24441,489,207,0.188502516,9.421656442,22.25695652,2016,12328257919.24,6191921
Topcare Ultra Comfort,"Syringe And Needle,Insulin,1ml",Perrigo Diabete,3298.27,22203,188,161,0.148571318,17.54398936,20.48614907,2016,12328257919.24,6191921
Toujeo Solostar,"Insulin Glargine,Hum.Rec.Anlog",Sanofi-Aventis,345324334.1,4670428.564,621495,148357,73.93846824,555.6349352,2327.657839,2016,12328257919.24,6191921
Tresiba Flextouch U-100,Insulin Degludec,Novo Nordisk,28122846.67,951188.5,56321,21609,29.56600786,499.3314513,1301.441375,2016,12328257919.24,6191921
Tresiba Flextouch U-200,Insulin Degludec,Novo Nordisk,111623799.5,1891046.5,131851,42426,59.02752759,846.5904654,2631.023416,2016,12328257919.24,6191921
Trueplus Insulin Syringe,"Syringe And Needle,Insulin,1ml",Nipro Diag/Triv,1028430.92,5217656,47776,16361,0.197225143,21.5260993,62.85868346,2016,12328257919.24,6191921
Trueplus Insulin Syringe,"Syringe-Needle,Insulin,0.5 Ml",Nipro Diag/Triv,1211414.62,6156911.2,60298,19993,0.197056149,20.09046104,60.59193818,2016,12328257919.24,6191921
Ulticare,"Syr,Ndl,Insulin,1ml-Sharps Bin",Ultimed Inc,9484.67,30262,329,138,0.313608777,28.8287842,68.72949275,2016,12328257919.24,6191921
Ulticare,"Syringe And Needle,Insulin,1ml",Ultimed Inc,447403.69,1780869,15990,5787,0.250239049,27.98021826,77.31185243,2016,12328257919.24,6191921
Ulticare,"Syringe-Needle,Insulin,0.5 Ml",Ultimed Inc,375363.99,1507058,13740,4971,0.248349054,27.31906769,75.51076041,2016,12328257919.24,6191921
Ultilet Insulin Syringe,"Syringe And Needle,Insulin,1ml",Boca Medical,4247.53,17520,273,75,0.242824843,15.55871795,56.63373333,2016,12328257919.24,6191921
Ultra Comfort,"Syringe And Needle,Insulin,1ml",Can-Am/Access C,274494.77,1268829,9401,4050,0.216403683,29.19846506,67.77648642,2016,12328257919.24,6191921
Ultra Comfort,"Syringe And Needle,Insulin,1ml",Good Neighbor,1308.28,7830,89,30,0.167085568,14.69977528,43.60933333,2016,12328257919.24,6191921
Ultra Comfort,"Syringe And Needle,Insulin,1ml",Perrigo Diabete,89045.03,582850,6507,2356,0.152919182,13.68449823,37.79500424,2016,12328257919.24,6191921
Ultra Comfort,"Syringe-Needle,Insulin,0.5 Ml",Can-Am/Access C,205588.23,955734,7383,2908,0.214768224,27.84616416,70.69746561,2016,12328257919.24,6191921
Ultra Comfort,"Syringe-Needle,Insulin,0.5 Ml",Good Neighbor,1759.33,10710,99,54,0.164269841,17.7710101,32.58018519,2016,12328257919.24,6191921
Ultra Comfort,"Syringe-Needle,Insulin,0.5 Ml",Perrigo Diabete,79536.61,523445,5673,2009,0.151741484,14.02020272,39.59014933,2016,12328257919.24,6191921
Ultra Comfort,"Syringe-Needle,Insulin,0.5 Ml",Rugby,18125.6,87786,1014,305,0.206474837,17.87534517,59.42819672,2016,12328257919.24,6191921
Ultra-Thin II,"Syringe And Needle,Insulin,1ml",Delta Hi-Tech,50561.23,188177,1766,664,0.268558315,28.63036806,76.14643072,2016,12328257919.24,6191921
Ultra-Thin II,"Syringe-Needle,Insulin,0.5 Ml",Delta Hi-Tech,62825.66,235539,2451,798,0.266660772,25.63266422,78.72889724,2016,12328257919.24,6191921
Vanishpoint,"Syringe And Needle,Insulin,1ml",Retractable Tec,141452.49,213256,2170,479,0.663298993,65.18547926,295.3079123,2016,12328257919.24,6191921
Vgo 20,"Sub-Q Insulin Device, 20 Unit","Valeritas, Inc.",3526313.8,369062,10279,2224,9.554800548,343.0600058,1585.572752,2016,12328257919.24,6191921
Vgo 30,"Sub-Q Insulin Device, 30 Unit","Valeritas, Inc.",3713200.12,387246,11077,2523,9.588737185,335.2171274,1471.74004,2016,12328257919.24,6191921
Vgo 40,"Sub-Q Insulin Device, 40 Unit","Valeritas, Inc.",5750226.71,599646,16698,3308,9.589368911,344.3661942,1738.278933,2016,12328257919.24,6191921
Advocate Syringes,"Syringe And Needle,Insulin,1ml",Diabetic Supply,165968.41,346347,3513,1147,0.480065897,47.24406775,144.6978291,2017,13415291734.02,6192835
Advocate Syringes,"Syringe-Needle,Insulin,0.5 Ml",Diabetic Supply,155444.32,319674,3641,1164,0.486229214,42.69275474,133.5432302,2017,13415291734.02,6192835
Afrezza,"Insulin Regular, Human",Mannkind Corpor,1538984.5,424278,2231,639,3.543422008,689.8182429,2408.426448,2017,13415291734.02,6192835
Apidra,Insulin Glulisine,Sanofi-Aventis,9023508.67,360595,12659,3489,25.02394284,712.8137033,2586.273623,2017,13415291734.02,6192835
Apidra Solostar,Insulin Glulisine,Sanofi-Aventis,19072406.03,593110,25143,7740,32.15660844,758.5572935,2464.135146,2017,13415291734.02,6192835
Basaglar Kwikpen U-100,"Insulin Glargine,Hum.Rec.Anlog",Eli Lilly & Co.,14736779.65,685943.5,57333,24534,21.48395553,257.0383488,600.6676306,2017,13415291734.02,6192835
Bd Insulin Syringe Micro-Fine,"Syringe-Needle,Insulin,0.5 Ml",Becton Dickinso,3076.03,11633,172,76,0.264422763,17.88389535,40.47407895,2017,13415291734.02,6192835
Bd Insulin Syringe Ult-Fine II,"Syringe And Needle,Insulin,1ml",Becton Dickinso,49746.55,183026,1759,945,0.271800455,28.28115407,52.64185185,2017,13415291734.02,6192835
Bd Insulin Syringe Ult-Fine II,"Syringe-Needle,Insulin,0.5 Ml",Becton Dickinso,48846.03,179731,1673,907,0.271772983,29.19667065,53.85449835,2017,13415291734.02,6192835
Bd Insulin Syringe Ultra-Fine,"Syringe-Needle,Insulin,0.5 Ml",Becton Dickinso,20519.7,75328,693,354,0.272404684,29.60995671,57.96525424,2017,13415291734.02,6192835
Comfort Ez,"Syringe And Needle,Insulin,1ml",Simple Diagnost,1809231,3281460,19831,8337,0.551341181,91.23246432,217.0122346,2017,13415291734.02,6192835
Comfort Ez,"Syringe-Needle,Insulin,0.5 Ml",Simple Diagnost,1146232.56,2079161,16340,5831,0.551213036,70.14887148,196.5756405,2017,13415291734.02,6192835
Easy Comfort Insulin Syringe,"Syringe And Needle,Insulin,1ml",Home Aide Diagn,920880.44,1626939,15402,4721,0.565891911,59.78966628,195.0604618,2017,13415291734.02,6192835
Easy Comfort Insulin Syringe,"Syringe-Needle,Insulin,0.5 Ml",Home Aide Diagn,1247594.76,2215902,21909,6206,0.562646131,56.94439545,201.0304157,2017,13415291734.02,6192835
Easy Touch,"Syringe And Needle,Insulin,1ml",Mhc Medical Pro,413096.05,1990734,19167,6446,0.208456346,21.55246257,64.08564226,2017,13415291734.02,6192835
Easy Touch,"Syringe-Needle,Insulin,0.5 Ml",Mhc Medical Pro,1015837.37,4896353,45465,14774,0.207547833,22.34328319,68.75845201,2017,13415291734.02,6192835
Easy Touch Insulin Syringe,"Syringe And Needle,Insulin,1ml",Mhc Medical Pro,89270.1,429823,3955,1423,0.207660565,22.57145386,62.73373155,2017,13415291734.02,6192835
Easy Touch Insulin Syringe,"Syringe-Needle,Insulin,0.5 Ml",Mhc Medical Pro,69625.76,333250,3102,1104,0.20951982,22.44544165,63.06681159,2017,13415291734.02,6192835
Easy-Touch Insulin Syringe,"Syringe And Needle,Insulin,1ml",Mhc Medical Pro,623389.19,2979064,26226,8840,0.20925673,23.76989209,70.51913914,2017,13415291734.02,6192835
Easy-Touch Insulin Syringe,"Syringe And Needle,Insulin,1ml",Rugby,3746.73,17150,219,81,0.218468222,17.10835616,46.25592593,2017,13415291734.02,6192835
Humalog,Insulin Lispro,Eli Lilly & Co.,594947902.8,23120233.78,1218183,283221,25.72859136,488.3895957,2100.648973,2017,13415291734.02,6192835
Humalog Kwikpen U-100,Insulin Lispro,Eli Lilly & Co.,1090043555,32501770,1513879,414797,33.53797518,720.0334739,2627.89643,2017,13415291734.02,6192835
Humalog Kwikpen U-200,Insulin Lispro,Eli Lilly & Co.,94229406.89,1386292,83091,23598,67.97226478,1134.050702,3993.109878,2017,13415291734.02,6192835
Humalog Mix 50-50,Insulin Lispro Protamin/Lispro,Eli Lilly & Co.,15262286.9,546470,16989,3089,27.92886508,898.362876,4940.850405,2017,13415291734.02,6192835
Humalog Mix 50-50 Kwikpen,Insulin Lispro Protamin/Lispro,Eli Lilly & Co.,29244698.58,863916,26056,5730,33.85132187,1122.378668,5103.786838,2017,13415291734.02,6192835
Humalog Mix 75-25,Insulin Lispro Protamin/Lispro,Eli Lilly & Co.,132848838.1,4819017.111,178542,33042,27.56762117,744.0761172,4020.605233,2017,13415291734.02,6192835
Humalog Mix 75-25 Kwikpen,Insulin Lispro Protamin/Lispro,Eli Lilly & Co.,312566412.7,9264341,326752,67462,33.73865586,956.5860737,4633.221854,2017,13415291734.02,6192835
Humapen Luxura Hd,Insulin Admin. Supplies,Eli Lilly & Co.,13439.61,296,244,211,45.40408784,55.08036885,63.69483412,2017,13415291734.02,6192835
Humulin 70-30,Insulin NPh Hum/Reg Insulin Hm,Eli Lilly & Co.,172007070.9,13421310,460478,89109,12.81596736,373.5402579,1930.299643,2017,13415291734.02,6192835
Humulin 70/30 Kwikpen,Insulin NPh Hum/Reg Insulin Hm,Eli Lilly & Co.,84786919.97,3135460,114714,25412,27.04130175,739.1157136,3336.49142,2017,13415291734.02,6192835
Humulin N,Insulin NPh Human Isophane,Eli Lilly & Co.,140470520.3,17667339.2,549933,131313,7.950858851,255.4320622,1069.738109,2017,13415291734.02,6192835
Humulin N Kwikpen,Insulin NPh Human Isophane,Eli Lilly & Co.,50755893.53,2481008,99632,27261,20.45777101,509.4336511,1861.850025,2017,13415291734.02,6192835
Humulin R,"Insulin Regular, Human",Eli Lilly & Co.,70708996.94,7260912.788,366772,102072,9.738306878,192.7873364,692.7364698,2017,13415291734.02,6192835
Humulin R U-500,"Insulin Regular, Human",Eli Lilly & Co.,145674616.5,2062050,73194,14547,70.64553064,1990.253524,10014.06589,2017,13415291734.02,6192835
Humulin R U-500 Kwikpen,"Insulin Regular, Human",Eli Lilly & Co.,101716472.6,1116094.16,66332,13153,91.13610328,1533.444983,7733.328719,2017,13415291734.02,6192835
Insulin Syringe,"Syringe And Needle,Insulin,1ml",American Sales,16525.86,110245,945,357,0.14990121,17.48768254,46.29092437,2017,13415291734.02,6192835
Insulin Syringe,"Syringe And Needle,Insulin,1ml",Bd Diabetes,20232186.13,80794620.47,625700,216890,0.254325915,32.33528229,93.28316718,2017,13415291734.02,6192835
Insulin Syringe,"Syringe And Needle,Insulin,1ml",Bd Medical Surg,177890.36,411243,4660,1772,0.432567509,38.173897,100.3895937,2017,13415291734.02,6192835
Insulin Syringe,"Syringe And Needle,Insulin,1ml",Becton Dickinso,26291.65,97114,965,483,0.268530528,27.24523316,54.43405797,2017,13415291734.02,6192835
Insulin Syringe,"Syringe And Needle,Insulin,1ml",Boca Medical,933.81,3588,59,29,0.260259197,15.82728814,32.20034483,2017,13415291734.02,6192835
Insulin Syringe,"Syringe And Needle,Insulin,1ml",Chain Drug Cons,6175.01,58790,608,207,0.105610404,10.15626645,29.83096618,2017,13415291734.02,6192835
Insulin Syringe,"Syringe And Needle,Insulin,1ml",Equaline Vitami,3253.27,17140,266,129,0.19129947,12.23033835,25.21914729,2017,13415291734.02,6192835
Insulin Syringe,"Syringe And Needle,Insulin,1ml",Global Diabetic,975063.41,1741863.909,16126,5173,0.559622853,60.4652989,188.490897,2017,13415291734.02,6192835
Insulin Syringe,"Syringe And Needle,Insulin,1ml",Good Neighbor,2547.79,15170,156,40,0.167949242,16.33198718,63.69475,2017,13415291734.02,6192835
Insulin Syringe,"Syringe And Needle,Insulin,1ml",Leader,10793.75,16270,206,80,0.663414259,52.39684466,134.921875,2017,13415291734.02,6192835
Insulin Syringe,"Syringe And Needle,Insulin,1ml",Perrigo Diabete,224778.3,1815911,16332,7077,0.123928891,13.76306025,31.76180585,2017,13415291734.02,6192835
Insulin Syringe,"Syringe And Needle,Insulin,1ml",Rite Aid-Bd,12424.07,75507,755,297,0.164541963,16.45572185,41.83188552,2017,13415291734.02,6192835
Insulin Syringe,"Syringe And Needle,Insulin,1ml",Rugby,55192.94,264379,3309,1036,0.208764463,16.6796434,53.27503861,2017,13415291734.02,6192835
Insulin Syringe,"Syringe And Needle,Insulin,1ml",Specialty Med,108282.74,182884,2388,831,0.590994253,45.34453099,130.3041396,2017,13415291734.02,6192835
Insulin Syringe,"Syringe And Needle,Insulin,1ml",Ultimed Inc,1709911.26,7196679,63409,23381,0.237864013,26.96638111,73.13251187,2017,13415291734.02,6192835
Insulin Syringe,"Syringe And Needle,Insulin,1ml",Wal-Mart Stores,1274417.32,10128538,79488,33818,0.125824339,16.03282659,37.68458572,2017,13415291734.02,6192835
Insulin Syringe,"Syringe And Needle,Insulin,1ml",Walgreen Co.,3350893.85,19478179.22,157251,61011,0.172093603,21.30920535,54.92278196,2017,13415291734.02,6192835
Insulin Syringe,"Syringe With Needle, Insulin",Univec,1188.02,5660,79,32,0.209897527,15.03822785,37.125625,2017,13415291734.02,6192835
Insulin Syringe,"Syringe,Insulin,Needless 1 Ml",Bd Diabetes,4016.09,23479,348,138,0.1710503,11.54048851,29.10210145,2017,13415291734.02,6192835
Insulin Syringe,"Syringe-Needle,Insulin,0.5 Ml",American Sales,17082.65,113960,870,358,0.149900295,19.63522989,47.71689944,2017,13415291734.02,6192835
Insulin Syringe,"Syringe-Needle,Insulin,0.5 Ml",Bd Diabetes,20245971.21,86532879.7,635672,210675,0.237069643,31.84971371,96.10049228,2017,13415291734.02,6192835
Insulin Syringe,"Syringe-Needle,Insulin,0.5 Ml",Chain Drug Cons,3959.06,40930,389,141,0.100873378,10.17753213,28.07843972,2017,13415291734.02,6192835
Insulin Syringe,"Syringe-Needle,Insulin,0.5 Ml",Equaline Vitami,1714.97,7644,142,72,0.224566014,12.07725352,23.81902778,2017,13415291734.02,6192835
Insulin Syringe,"Syringe-Needle,Insulin,0.5 Ml",Global Diabetic,946238.74,1687850.666,16736,5429,0.56074762,56.53912165,174.2933763,2017,13415291734.02,6192835
Insulin Syringe,"Syringe-Needle,Insulin,0.5 Ml",Good Neighbor,5649.91,30030,338,129,0.188142191,16.71571006,43.79775194,2017,13415291734.02,6192835
Insulin Syringe,"Syringe-Needle,Insulin,0.5 Ml",Perrigo Diabete,196847.29,1572909,13904,5324,0.12546685,14.15760141,36.97357062,2017,13415291734.02,6192835
Insulin Syringe,"Syringe-Needle,Insulin,0.5 Ml",Rite Aid-Bd,15212.5,91867,860,304,0.165651727,17.68895349,50.04111842,2017,13415291734.02,6192835
Insulin Syringe,"Syringe-Needle,Insulin,0.5 Ml",Specialty Med,55340.13,90640,1132,402,0.6158663,48.88704064,137.6620149,2017,13415291734.02,6192835
Insulin Syringe,"Syringe-Needle,Insulin,0.5 Ml",Ultimed Inc,1587011.86,6678288.67,63037,21893,0.237859189,25.17587861,72.48946513,2017,13415291734.02,6192835
Insulin Syringe,"Syringe-Needle,Insulin,0.5 Ml",Wal-Mart Stores,1069229.28,8477367,67015,28417,0.126133105,15.95507394,37.62639547,2017,13415291734.02,6192835
Insulin Syringe,"Syringe-Needle,Insulin,0.5 Ml",Walgreen Co.,3131797.43,18879396,148690,54613,0.166206201,21.06259621,57.34527365,2017,13415291734.02,6192835
Integra Syringe,"Syringe And Needle,Insulin,1ml",Bd Medical Surg,1646.53,3222,54,20,0.511027312,30.4912963,82.3265,2017,13415291734.02,6192835
Lantus,"Insulin Glargine,Hum.Rec.Anlog",Sanofi-Aventis,1553906987,62283667.08,3258834,614743,24.94886798,476.8291319,2527.734333,2017,13415291734.02,6192835
Lantus Solostar,"Insulin Glargine,Hum.Rec.Anlog",Sanofi-Aventis,2631724728,106046832.9,5234534,1112315,24.8166273,502.7619896,2365.988707,2017,13415291734.02,6192835
Levemir,Insulin Detemir,Novo Nordisk,475007885.9,17404961.71,952259,188078,27.29152146,498.8221544,2525.58984,2017,13415291734.02,6192835
Levemir Flextouch,Insulin Detemir,Novo Nordisk,1404127510,52297048.14,2491598,509282,26.84907772,563.544966,2757.072722,2017,13415291734.02,6192835
Lite Touch,"Syringe And Needle,Insulin,1ml",Medicore,93403.5,295371,2290,745,0.317480313,40.78755459,125.3738255,2017,13415291734.02,6192835
Lite Touch,"Syringe-Needle,Insulin,0.5 Ml",Medicore,73884.83,244691,2039,673,0.302670682,36.23581658,109.7842942,2017,13415291734.02,6192835
Maxi-Comfort,"Syringe And Needle,Insulin,1ml",Delta Hi-Tech,3471.52,13834,205,104,0.25094116,16.9342439,33.38,2017,13415291734.02,6192835
Maxi-Comfort,"Syringe-Needle,Insulin,0.5 Ml",Delta Hi-Tech,1699.87,6770,52,31,0.251088626,32.68980769,54.83451613,2017,13415291734.02,6192835
Monoject,"Syringe-Needle,Insulin,0.5 Ml",Covidien/Kendal,1575.64,12263,156,59,0.12848732,10.10025641,26.70576271,2017,13415291734.02,6192835
Monoject Insulin Safety Syrng,"Syringe With Needle, Insulin",Sherwood,683715.21,1721018,18336,3856,0.397273712,37.28813318,177.3120358,2017,13415291734.02,6192835
Monoject Insulin Syringe,"Syringe And Needle,Insulin,1ml",Can-Am/Access C,79763.85,377287,3147,1220,0.211414255,25.34599619,65.38020492,2017,13415291734.02,6192835
Monoject Insulin Syringe,"Syringe And Needle,Insulin,1ml",Sherwood,87846.89,605441,6591,2294,0.140062118,13.32830982,38.29419791,2017,13415291734.02,6192835
Monoject Insulin Syringe,"Syringe-Needle,Insulin,0.5 Ml",Can-Am/Access C,67291.75,311325,2772,997,0.21614631,24.27552309,67.4942327,2017,13415291734.02,6192835
Monoject Insulin Syringe,"Syringe-Needle,Insulin,0.5 Ml",Sherwood,766685.79,2176014,23057,6021,0.352785699,33.25175825,127.3352915,2017,13415291734.02,6192835
Novolin 70-30,Insulin NPh Hum/Reg Insulin Hm,Novo Nordisk,158546181.9,11506313.88,410996,81123,13.77905935,385.760888,1954.392489,2017,13415291734.02,6192835
Novolin 70-30,Insulin NPh Hum/Reg Insulin Hm,Novo Nordisk-Wa,17242873.21,6031286,179825,38504,2.858904919,95.88696349,447.8203098,2017,13415291734.02,6192835
Novolin N,Insulin NPh Human Isophane,Novo Nordisk,81191217.47,5881511.09,248279,53804,13.80448259,327.0160484,1509.018242,2017,13415291734.02,6192835
Novolin N,Insulin NPh Human Isophane,Novo Nordisk-Wa,9074466.16,3361452,121832,28090,2.699567377,74.48343752,323.0497031,2017,13415291734.02,6192835
Novolin R,"Insulin Regular, Human",Novo Nordisk,62773805.35,4444654.5,287390,71555,14.1234387,218.427243,877.2804884,2017,13415291734.02,6192835
Novolin R,"Insulin Regular, Human",Novo Nordisk-Wa,5564099.73,1954111,75832,21574,2.847381612,73.37403379,257.9076541,2017,13415291734.02,6192835
Novolog,Insulin Aspart,Novo Nordisk,702066515.8,25361305.51,1279985,285494,27.67780381,548.4958931,2459.128794,2017,13415291734.02,6192835
Novolog Flexpen,Insulin Aspart,Novo Nordisk,1533124007,43519609.8,2187255,546717,35.22834911,700.9351938,2804.23694,2017,13415291734.02,6192835
Novolog Mix 70-30,Insulin Aspart Prot/Insuln Asp,Novo Nordisk,167279020.2,5882954.8,220574,42341,28.43452413,758.3804991,3950.757427,2017,13415291734.02,6192835
Novolog Mix 70-30 Flexpen,Insulin Aspart Prot/Insuln Asp,Novo Nordisk,464228185.3,13245388,478292,96569,35.04828891,970.595756,4807.217485,2017,13415291734.02,6192835
Novopen Echo,Insulin Admin. Supplies,Novo Nordisk,15821.07,288,282,247,54.93427083,56.10308511,64.05291498,2017,13415291734.02,6192835
Omnipod,Insulin Pump Cartridge,Insulet Corpora,54147.45,1207,86,16,44.86118476,629.6215116,3384.215625,2017,13415291734.02,6192835
Prodigy Insulin Syringe,"Syringe And Needle,Insulin,1ml",Prodigy Diabete,4825.88,36964,312,129,0.130556217,15.4675641,37.40992248,2017,13415291734.02,6192835
Prodigy Insulin Syringe,"Syringe-Needle,Insulin,0.5 Ml",Prodigy Diabete,4923.24,37130,320,142,0.132594667,15.385125,34.67070423,2017,13415291734.02,6192835
Safetyglide Insulin Syringe,"Syringe-Needle,Insulin,0.5 Ml",Bd Medical Surg,80986.6,206211,1873,754,0.392736566,43.23897491,107.4092838,2017,13415291734.02,6192835
Sure Comfort,"Syringe And Needle,Insulin,1ml",Allison Medical,2310840.79,8787256.995,88252,26557,0.263401794,26.18457134,87.01437625,2017,13415291734.02,6192835
Sure Comfort,"Syringe-Needle,Insulin,0.5 Ml",Allison Medical,2717428.19,10030100,106752,30775,0.271190912,25.45552486,88.29985995,2017,13415291734.02,6192835
Sure-Ject Insulin Syringe,"Syringe And Needle,Insulin,1ml",One Pharmaceuti,1507.66,6829,76,28,0.220773173,19.83763158,53.845,2017,13415291734.02,6192835
Sure-Ject Insulin Syringe,"Syringe-Needle,Insulin,0.5 Ml",One Pharmaceuti,1629.43,6822,105,40,0.238849311,15.51838095,40.73575,2017,13415291734.02,6192835
Terumo Insulin Syringe,"Syringe-Needle,Insulin,0.5 Ml",Terumo,1076.2,5938,87,26,0.181239475,12.37011494,41.39230769,2017,13415291734.02,6192835
Topcare Ultra Comfort,"Syringe And Needle,Insulin,1ml",Perrigo Diabete,2873.16,19333,172,58,0.148607135,16.70441861,49.53724138,2017,13415291734.02,6192835
Toujeo Solostar,"Insulin Glargine,Hum.Rec.Anlog",Sanofi-Aventis,541954643.4,7209778.23,934611,190489,75.16939164,579.8718862,2845.070547,2017,13415291734.02,6192835
Tresiba Flextouch U-100,Insulin Degludec,Novo Nordisk,111402786.8,3739037.001,217749,63235,29.79451308,511.6110147,1761.726684,2017,13415291734.02,6192835
Tresiba Flextouch U-200,Insulin Degludec,Novo Nordisk,327219032.9,5525023,371889,89703,59.22491778,879.8836021,3647.804788,2017,13415291734.02,6192835
Trueplus Insulin Syringe,"Syringe And Needle,Insulin,1ml",Nipro Diag/Triv,1175836.39,6039964,55718,19361,0.194870807,21.10334883,60.73221373,2017,13415291734.02,6192835
Trueplus Insulin Syringe,"Syringe-Needle,Insulin,0.5 Ml",Nipro Diag/Triv,1353554.02,6895470,66804,21797,0.196645845,20.26157146,62.09817957,2017,13415291734.02,6192835
Ulticare,"Syr,Ndl,Insulin,1ml-Sharps Bin",Ultimed Inc,7784.64,23986,331,122,0.323886839,23.51854985,63.80852459,2017,13415291734.02,6192835
Ulticare,"Syringe And Needle,Insulin,1ml",Ultimed Inc,413568.96,1641228,14476,5320,0.251259928,28.56928433,77.73852632,2017,13415291734.02,6192835
Ulticare,"Syringe-Needle,Insulin,0.5 Ml",Ultimed Inc,351277.75,1406131,12502,4673,0.248774797,28.09772436,75.17178472,2017,13415291734.02,6192835
Ulticare Insulin Syringe,"Syringe And Needle,Insulin,1ml",Ultimed Inc,25993.73,102826,888,412,0.25279336,29.27221847,63.09157767,2017,13415291734.02,6192835
Ulticare Insulin Syringe,"Syringe-Needle,Insulin,0.5 Ml",Ultimed Inc,22458.16,88330,805,364,0.254252915,27.8983354,61.69824176,2017,13415291734.02,6192835
Ultilet Insulin Syringe,"Syringe And Needle,Insulin,1ml",Boca Medical,4064.47,16190,275,70,0.251352317,14.77989091,58.06385714,2017,13415291734.02,6192835
Ultra Comfort,"Syringe And Needle,Insulin,1ml",Can-Am/Access C,278896.39,1284052,8974,3619,0.21733161,31.07826945,77.06449019,2017,13415291734.02,6192835
Ultra Comfort,"Syringe And Needle,Insulin,1ml",Good Neighbor,1132.74,6192,73,36,0.182936047,15.5169863,31.465,2017,13415291734.02,6192835
Ultra Comfort,"Syringe And Needle,Insulin,1ml",Perrigo Diabete,52621.32,337865,3980,1322,0.156130832,13.22143719,39.80432678,2017,13415291734.02,6192835
Ultra Comfort,"Syringe-Needle,Insulin,0.5 Ml",Can-Am/Access C,195085.63,918399,6555,2487,0.212211057,29.76134706,78.44215119,2017,13415291734.02,6192835
Ultra Comfort,"Syringe-Needle,Insulin,0.5 Ml",Good Neighbor,1324.21,7880,81,27,0.168046954,16.34827161,49.04481482,2017,13415291734.02,6192835
Ultra Comfort,"Syringe-Needle,Insulin,0.5 Ml",Perrigo Diabete,45229.8,298329,3329,1127,0.151207265,13.58660258,40.13291926,2017,13415291734.02,6192835
Ultra Comfort,"Syringe-Needle,Insulin,0.5 Ml",Rugby,7072.6,31404,454,160,0.225213349,15.5784141,44.20375,2017,13415291734.02,6192835
Ultra-Thin II,"Syringe And Needle,Insulin,1ml",Delta Hi-Tech,49134.25,192911,1785,795,0.254753825,27.52619048,61.80408805,2017,13415291734.02,6192835
Ultra-Thin II,"Syringe-Needle,Insulin,0.5 Ml",Delta Hi-Tech,47198.47,189552,1839,673,0.249101121,25.66529092,70.13145617,2017,13415291734.02,6192835
Vanishpoint,"Syringe And Needle,Insulin,1ml",Retractable Tec,115580.36,162516,1689,364,0.711193729,68.43123742,317.5284615,2017,13415291734.02,6192835
Vanishpoint,"Syringe-Needle,Insulin,0.5 Ml",Retractable Tec,10433.84,14830,170,29,0.703563048,61.37552941,359.7875862,2017,13415291734.02,6192835
Vgo 20,"Sub-Q Insulin Device, 20 Unit","Valeritas, Inc.",3983111.23,378344,10245,2310,10.52775049,388.7858692,1724.290576,2017,13415291734.02,6192835
Vgo 30,"Sub-Q Insulin Device, 30 Unit","Valeritas, Inc.",4178965.18,395209,11134,2614,10.5740638,375.3336788,1598.685991,2017,13415291734.02,6192835
Vgo 40,"Sub-Q Insulin Device, 40 Unit","Valeritas, Inc.",6580382.88,621817,16808,3432,10.5825072,391.5030271,1917.360979,2017,13415291734.02,6192835
